Run,N,Enqueue,Dequeue,Peek,IsEmpty,IsFull,Display
1,1000,0.000000011,0.000000005,0.000000004,0.000000003,0.000000004,0.000003000
2,1000,0.000000007,0.000000005,0.000000004,0.000000004,0.000000002,0.000005000
3,1000,0.000000006,0.000000006,0.000000004,0.000000004,0.000000002,0.000003000
4,1000,0.000000006,0.000000006,0.000000004,0.000000002,0.000000003,0.000003000
5,1000,0.000000006,0.000000005,0.000000005,0.000000003,0.000000003,0.000003000
6,1000,0.000000006,0.000000005,0.000000005,0.000000003,0.000000003,0.000004000
7,1000,0.000000006,0.000000005,0.000000005,0.000000003,0.000000002,0.000004000
8,1000,0.000000006,0.000000005,0.000000004,0.000000003,0.000000004,0.000004000
9,1000,0.000000006,0.000000005,0.000000004,0.000000003,0.000000003,0.000004000
10,1000,0.000000005,0.000000005,0.000000004,0.000000003,0.000000004,0.000004000
11,1000,0.000000006,0.000000006,0.000000004,0.000000003,0.000000003,0.000003000
12,1000,0.000000005,0.000000005,0.000000004,0.000000004,0.000000003,0.000003000
13,1000,0.000000006,0.000000007,0.000000004,0.000000003,0.000000002,0.000003000
14,1000,0.000000006,0.000000005,0.000000004,0.000000002,0.000000004,0.000003000
15,1000,0.000000006,0.000000005,0.000000004,0.000000003,0.000000004,0.000003000
16,1000,0.000000005,0.000000006,0.000000004,0.000000004,0.000000003,0.000003000
17,1000,0.000000006,0.000000005,0.000000005,0.000000004,0.000000002,0.000003000
18,1000,0.000000007,0.000000007,0.000000004,0.000000002,0.000000003,0.000003000
19,1000,0.000000006,0.000000007,0.000000005,0.000000003,0.000000002,0.000003000
20,1000,0.000000007,0.000000006,0.000000004,0.000000003,0.000000002,0.000003000
21,1000,0.000000007,0.000000006,0.000000005,0.000000003,0.000000003,0.000003000
22,1000,0.000000006,0.000000005,0.000000006,0.000000003,0.000000004,0.000003000
23,1000,0.000000006,0.000000005,0.000000005,0.000000003,0.000000003,0.000004000
24,1000,0.000000006,0.000000005,0.000000004,0.000000003,0.000000003,0.000004000
25,1000,0.000000006,0.000000006,0.000000004,0.000000004,0.000000002,0.000004000
26,1000,0.000000006,0.000000007,0.000000005,0.000000003,0.000000002,0.000003000
27,1000,0.000000006,0.000000006,0.000000005,0.000000002,0.000000003,0.000003000
28,1000,0.000000005,0.000000005,0.000000004,0.000000003,0.000000004,0.000003000
29,1000,0.000000006,0.000000004,0.000000004,0.000000002,0.000000002,0.000002000
30,1000,0.000000004,0.000000005,0.000000003,0.000000002,0.000000002,0.000003000
31,1000,0.000000004,0.000000004,0.000000003,0.000000003,0.000000002,0.000002000
32,1000,0.000000004,0.000000004,0.000000003,0.000000002,0.000000003,0.000003000
33,1000,0.000000005,0.000000004,0.000000003,0.000000002,0.000000001,0.000002000
34,1000,0.000000004,0.000000005,0.000000003,0.000000002,0.000000002,0.000003000
35,1000,0.000000005,0.000000004,0.000000003,0.000000002,0.000000003,0.000002000
36,1000,0.000000004,0.000000005,0.000000003,0.000000002,0.000000002,0.000003000
37,1000,0.000000004,0.000000004,0.000000003,0.000000003,0.000000003,0.000002000
38,1000,0.000000004,0.000000005,0.000000003,0.000000002,0.000000003,0.000003000
39,1000,0.000000004,0.000000005,0.000000003,0.000000002,0.000000001,0.000002000
40,1000,0.000000005,0.000000005,0.000000003,0.000000004,0.000000002,0.000002000
41,1000,0.000000004,0.000000005,0.000000003,0.000000003,0.000000002,0.000004000
42,1000,0.000000005,0.000000004,0.000000003,0.000000003,0.000000002,0.000003000
43,1000,0.000000005,0.000000004,0.000000004,0.000000002,0.000000004,0.000003000
44,1000,0.000000004,0.000000005,0.000000003,0.000000002,0.000000002,0.000003000
45,1000,0.000000004,0.000000004,0.000000004,0.000000003,0.000000003,0.000002000
46,1000,0.000000005,0.000000004,0.000000003,0.000000003,0.000000002,0.000003000
47,1000,0.000000006,0.000000004,0.000000003,0.000000002,0.000000002,0.000002000
48,1000,0.000000004,0.000000004,0.000000003,0.000000003,0.000000003,0.000002000
49,1000,0.000000005,0.000000005,0.000000003,0.000000003,0.000000002,0.000002000
50,1000,0.000000005,0.000000004,0.000000004,0.000000003,0.000000002,0.000002000
51,1000,0.000000005,0.000000004,0.000000004,0.000000002,0.000000002,0.000003000
52,1000,0.000000005,0.000000004,0.000000003,0.000000003,0.000000002,0.000004000
53,1000,0.000000005,0.000000004,0.000000004,0.000000002,0.000000004,0.000003000
54,1000,0.000000005,0.000000006,0.000000004,0.000000003,0.000000003,0.000002000
55,1000,0.000000007,0.000000006,0.000000004,0.000000003,0.000000003,0.000003000
56,1000,0.000000006,0.000000005,0.000000004,0.000000003,0.000000004,0.000004000
57,1000,0.000000006,0.000000005,0.000000005,0.000000003,0.000000002,0.000004000
58,1000,0.000000006,0.000000005,0.000000005,0.000000002,0.000000002,0.000004000
59,1000,0.000000007,0.000000005,0.000000005,0.000000003,0.000000003,0.000003000
60,1000,0.000000006,0.000000006,0.000000004,0.000000003,0.000000003,0.000004000
61,1000,0.000000006,0.000000005,0.000000004,0.000000004,0.000000003,0.000004000
62,1000,0.000000006,0.000000006,0.000000004,0.000000003,0.000000003,0.000004000
63,1000,0.000000005,0.000000005,0.000000004,0.000000003,0.000000003,0.000004000
64,1000,0.000000005,0.000000006,0.000000005,0.000000003,0.000000003,0.000004000
65,1000,0.000000006,0.000000005,0.000000004,0.000000003,0.000000003,0.000004000
66,1000,0.000000005,0.000000005,0.000000004,0.000000004,0.000000003,0.000004000
67,1000,0.000000007,0.000000006,0.000000005,0.000000003,0.000000003,0.000003000
68,1000,0.000000005,0.000000005,0.000000005,0.000000003,0.000000004,0.000003000
69,1000,0.000000006,0.000000005,0.000000005,0.000000004,0.000000003,0.000004000
70,1000,0.000000007,0.000000006,0.000000005,0.000000003,0.000000002,0.000003000
71,1000,0.000000006,0.000000005,0.000000004,0.000000003,0.000000004,0.000003000
72,1000,0.000000006,0.000000005,0.000000005,0.000000003,0.000000004,0.000003000
73,1000,0.000000006,0.000000005,0.000000005,0.000000003,0.000000003,0.000003000
74,1000,0.000000005,0.000000006,0.000000004,0.000000003,0.000000002,0.000004000
75,1000,0.000000007,0.000000006,0.000000004,0.000000002,0.000000003,0.000003000
76,1000,0.000000006,0.000000006,0.000000004,0.000000003,0.000000003,0.000003000
77,1000,0.000000006,0.000000005,0.000000005,0.000000003,0.000000002,0.000003000
78,1000,0.000000006,0.000000006,0.000000005,0.000000002,0.000000002,0.000004000
79,1000,0.000000006,0.000000005,0.000000005,0.000000002,0.000000002,0.000004000
80,1000,0.000000006,0.000000005,0.000000004,0.000000003,0.000000003,0.000004000
81,1000,0.000000006,0.000000006,0.000000004,0.000000004,0.000000003,0.000003000
82,1000,0.000000006,0.000000006,0.000000005,0.000000003,0.000000003,0.000003000
83,1000,0.000000005,0.000000005,0.000000004,0.000000004,0.000000002,0.000004000
84,1000,0.000000007,0.000000006,0.000000010,0.000000003,0.000000002,0.000003000
85,1000,0.000000006,0.000000006,0.000000005,0.000000003,0.000000003,0.000003000
86,1000,0.000000008,0.000000006,0.000000005,0.000000003,0.000000003,0.000003000
87,1000,0.000000005,0.000000005,0.000000005,0.000000003,0.000000004,0.000003000
88,1000,0.000000005,0.000000005,0.000000004,0.000000003,0.000000004,0.000004000
89,1000,0.000000005,0.000000005,0.000000005,0.000000003,0.000000004,0.000003000
90,1000,0.000000005,0.000000006,0.000000005,0.000000003,0.000000002,0.000004000
91,1000,0.000000006,0.000000005,0.000000004,0.000000003,0.000000003,0.000003000
92,1000,0.000000007,0.000000006,0.000000005,0.000000003,0.000000002,0.000003000
93,1000,0.000000006,0.000000005,0.000000005,0.000000002,0.000000004,0.000003000
94,1000,0.000000006,0.000000005,0.000000004,0.000000003,0.000000003,0.000003000
95,1000,0.000000006,0.000000006,0.000000005,0.000000003,0.000000003,0.000003000
96,1000,0.000000005,0.000000005,0.000000004,0.000000003,0.000000004,0.000004000
97,1000,0.000000006,0.000000005,0.000000005,0.000000003,0.000000002,0.000003000
98,1000,0.000000007,0.000000006,0.000000005,0.000000004,0.000000003,0.000003000
99,1000,0.000000007,0.000000006,0.000000005,0.000000002,0.000000003,0.000003000
100,1000,0.000000007,0.000000005,0.000000005,0.000000003,0.000000003,0.000003000
1,5000,0.000000006,0.000000005,0.000000004,0.000000002,0.000000002,0.000015000
2,5000,0.000000006,0.000000005,0.000000004,0.000000003,0.000000002,0.000015000
3,5000,0.000000006,0.000000005,0.000000004,0.000000002,0.000000003,0.000016000
4,5000,0.000000006,0.000000005,0.000000004,0.000000003,0.000000002,0.000015000
5,5000,0.000000006,0.000000005,0.000000004,0.000000003,0.000000003,0.000015000
6,5000,0.000000006,0.000000005,0.000000004,0.000000003,0.000000002,0.000015000
7,5000,0.000000005,0.000000005,0.000000004,0.000000003,0.000000003,0.000014000
8,5000,0.000000006,0.000000005,0.000000004,0.000000003,0.000000003,0.000015000
9,5000,0.000000006,0.000000005,0.000000004,0.000000003,0.000000003,0.000015000
10,5000,0.000000006,0.000000005,0.000000004,0.000000002,0.000000002,0.000015000
11,5000,0.000000005,0.000000005,0.000000004,0.000000002,0.000000002,0.000014000
12,5000,0.000000005,0.000000005,0.000000004,0.000000002,0.000000002,0.000013000
13,5000,0.000000005,0.000000004,0.000000004,0.000000002,0.000000002,0.000014000
14,5000,0.000000005,0.000000005,0.000000004,0.000000002,0.000000002,0.000013000
15,5000,0.000000005,0.000000005,0.000000004,0.000000002,0.000000002,0.000013000
16,5000,0.000000005,0.000000004,0.000000004,0.000000002,0.000000003,0.000013000
17,5000,0.000000005,0.000000004,0.000000004,0.000000002,0.000000002,0.000013000
18,5000,0.000000005,0.000000004,0.000000004,0.000000002,0.000000003,0.000013000
19,5000,0.000000005,0.000000004,0.000000004,0.000000002,0.000000002,0.000014000
20,5000,0.000000005,0.000000005,0.000000004,0.000000002,0.000000002,0.000013000
21,5000,0.000000005,0.000000004,0.000000004,0.000000002,0.000000002,0.000012000
22,5000,0.000000005,0.000000004,0.000000004,0.000000002,0.000000002,0.000013000
23,5000,0.000000005,0.000000004,0.000000004,0.000000002,0.000000003,0.000013000
24,5000,0.000000005,0.000000005,0.000000004,0.000000002,0.000000003,0.000014000
25,5000,0.000000005,0.000000004,0.000000004,0.000000002,0.000000002,0.000014000
26,5000,0.000000005,0.000000005,0.000000004,0.000000002,0.000000003,0.000020000
27,5000,0.000000006,0.000000005,0.000000004,0.000000003,0.000000003,0.000015000
28,5000,0.000000006,0.000000005,0.000000004,0.000000003,0.000000002,0.000016000
29,5000,0.000000005,0.000000005,0.000000004,0.000000003,0.000000003,0.000015000
30,5000,0.000000006,0.000000005,0.000000004,0.000000003,0.000000003,0.000015000
31,5000,0.000000006,0.000000005,0.000000004,0.000000003,0.000000002,0.000016000
32,5000,0.000000006,0.000000005,0.000000004,0.000000003,0.000000002,0.000015000
33,5000,0.000000006,0.000000005,0.000000004,0.000000002,0.000000003,0.000015000
34,5000,0.000000006,0.000000005,0.000000004,0.000000003,0.000000003,0.000015000
35,5000,0.000000006,0.000000005,0.000000004,0.000000003,0.000000003,0.000016000
36,5000,0.000000006,0.000000005,0.000000004,0.000000003,0.000000002,0.000015000
37,5000,0.000000006,0.000000005,0.000000004,0.000000002,0.000000003,0.000015000
38,5000,0.000000006,0.000000005,0.000000004,0.000000003,0.000000003,0.000015000
39,5000,0.000000006,0.000000005,0.000000004,0.000000003,0.000000003,0.000015000
40,5000,0.000000006,0.000000005,0.000000004,0.000000003,0.000000003,0.000016000
41,5000,0.000000006,0.000000005,0.000000004,0.000000003,0.000000003,0.000015000
42,5000,0.000000006,0.000000005,0.000000004,0.000000003,0.000000002,0.000015000
43,5000,0.000000006,0.000000005,0.000000004,0.000000003,0.000000003,0.000016000
44,5000,0.000000005,0.000000005,0.000000004,0.000000003,0.000000003,0.000015000
45,5000,0.000000005,0.000000005,0.000000004,0.000000002,0.000000002,0.000013000
46,5000,0.000000005,0.000000005,0.000000004,0.000000002,0.000000002,0.000014000
47,5000,0.000000005,0.000000005,0.000000004,0.000000002,0.000000002,0.000012000
48,5000,0.000000005,0.000000005,0.000000004,0.000000002,0.000000002,0.000014000
49,5000,0.000000005,0.000000005,0.000000004,0.000000002,0.000000002,0.000014000
50,5000,0.000000005,0.000000005,0.000000004,0.000000002,0.000000002,0.000014000
51,5000,0.000000005,0.000000004,0.000000004,0.000000002,0.000000002,0.000013000
52,5000,0.000000005,0.000000004,0.000000004,0.000000002,0.000000002,0.000012000
53,5000,0.000000005,0.000000005,0.000000004,0.000000003,0.000000002,0.000013000
54,5000,0.000000005,0.000000005,0.000000004,0.000000002,0.000000002,0.000014000
55,5000,0.000000005,0.000000004,0.000000004,0.000000002,0.000000002,0.000013000
56,5000,0.000000005,0.000000004,0.000000004,0.000000002,0.000000003,0.000013000
57,5000,0.000000005,0.000000004,0.000000004,0.000000002,0.000000002,0.000013000
58,5000,0.000000005,0.000000005,0.000000004,0.000000002,0.000000002,0.000013000
59,5000,0.000000005,0.000000005,0.000000004,0.000000002,0.000000002,0.000012000
60,5000,0.000000005,0.000000005,0.000000004,0.000000003,0.000000002,0.000019000
61,5000,0.000000005,0.000000004,0.000000004,0.000000002,0.000000003,0.000013000
62,5000,0.000000005,0.000000005,0.000000004,0.000000003,0.000000002,0.000014000
63,5000,0.000000005,0.000000004,0.000000004,0.000000002,0.000000003,0.000013000
64,5000,0.000000005,0.000000005,0.000000004,0.000000002,0.000000002,0.000012000
65,5000,0.000000005,0.000000004,0.000000004,0.000000002,0.000000002,0.000014000
66,5000,0.000000005,0.000000004,0.000000004,0.000000002,0.000000003,0.000013000
67,5000,0.000000005,0.000000005,0.000000004,0.000000002,0.000000002,0.000013000
68,5000,0.000000005,0.000000005,0.000000004,0.000000002,0.000000003,0.000013000
69,5000,0.000000005,0.000000004,0.000000004,0.000000002,0.000000002,0.000013000
70,5000,0.000000005,0.000000004,0.000000004,0.000000002,0.000000003,0.000013000
71,5000,0.000000005,0.000000004,0.000000004,0.000000002,0.000000002,0.000013000
72,5000,0.000000005,0.000000004,0.000000004,0.000000002,0.000000002,0.000013000
73,5000,0.000000005,0.000000004,0.000000004,0.000000002,0.000000002,0.000013000
74,5000,0.000000005,0.000000005,0.000000004,0.000000002,0.000000002,0.000014000
75,5000,0.000000005,0.000000004,0.000000004,0.000000002,0.000000002,0.000014000
76,5000,0.000000005,0.000000004,0.000000004,0.000000002,0.000000002,0.000037000
77,5000,0.000000005,0.000000004,0.000000004,0.000000002,0.000000003,0.000013000
78,5000,0.000000005,0.000000005,0.000000004,0.000000002,0.000000003,0.000013000
79,5000,0.000000005,0.000000004,0.000000004,0.000000002,0.000000002,0.000013000
80,5000,0.000000004,0.000000004,0.000000003,0.000000002,0.000000002,0.000011000
81,5000,0.000000004,0.000000004,0.000000003,0.000000002,0.000000002,0.000013000
82,5000,0.000000004,0.000000004,0.000000003,0.000000002,0.000000002,0.000011000
83,5000,0.000000004,0.000000004,0.000000004,0.000000002,0.000000002,0.000012000
84,5000,0.000000004,0.000000004,0.000000003,0.000000002,0.000000002,0.000014000
85,5000,0.000000004,0.000000004,0.000000003,0.000000002,0.000000002,0.000012000
86,5000,0.000000007,0.000000004,0.000000003,0.000000002,0.000000002,0.000011000
87,5000,0.000000004,0.000000004,0.000000003,0.000000002,0.000000002,0.000012000
88,5000,0.000000004,0.000000004,0.000000003,0.000000002,0.000000002,0.000011000
89,5000,0.000000005,0.000000004,0.000000003,0.000000002,0.000000002,0.000012000
90,5000,0.000000005,0.000000004,0.000000003,0.000000002,0.000000002,0.000012000
91,5000,0.000000004,0.000000004,0.000000003,0.000000002,0.000000002,0.000012000
92,5000,0.000000004,0.000000004,0.000000003,0.000000002,0.000000002,0.000011000
93,5000,0.000000004,0.000000004,0.000000003,0.000000002,0.000000002,0.000011000
94,5000,0.000000004,0.000000004,0.000000003,0.000000002,0.000000002,0.000011000
95,5000,0.000000004,0.000000004,0.000000003,0.000000002,0.000000002,0.000011000
96,5000,0.000000004,0.000000004,0.000000003,0.000000002,0.000000002,0.000012000
97,5000,0.000000004,0.000000004,0.000000003,0.000000002,0.000000002,0.000011000
98,5000,0.000000005,0.000000003,0.000000002,0.000000001,0.000000001,0.000006000
99,5000,0.000000003,0.000000003,0.000000004,0.000000002,0.000000001,0.000004000
100,5000,0.000000003,0.000000003,0.000000003,0.000000001,0.000000001,0.000004000
1,10000,0.000000003,0.000000003,0.000000003,0.000000001,0.000000001,0.000009000
2,10000,0.000000003,0.000000003,0.000000003,0.000000001,0.000000001,0.000010000
3,10000,0.000000003,0.000000003,0.000000003,0.000000001,0.000000001,0.000010000
4,10000,0.000000010,0.000000003,0.000000002,0.000000001,0.000000001,0.000008000
5,10000,0.000000003,0.000000003,0.000000002,0.000000001,0.000000001,0.000008000
6,10000,0.000000003,0.000000003,0.000000002,0.000000001,0.000000001,0.000009000
7,10000,0.000000003,0.000000004,0.000000002,0.000000001,0.000000001,0.000008000
8,10000,0.000000003,0.000000003,0.000000003,0.000000001,0.000000001,0.000008000
9,10000,0.000000003,0.000000003,0.000000003,0.000000001,0.000000001,0.000009000
10,10000,0.000000003,0.000000003,0.000000003,0.000000001,0.000000001,0.000009000
11,10000,0.000000003,0.000000003,0.000000003,0.000000001,0.000000001,0.000009000
12,10000,0.000000005,0.000000003,0.000000003,0.000000001,0.000000001,0.000024000
13,10000,0.000000005,0.000000003,0.000000002,0.000000001,0.000000001,0.000018000
14,10000,0.000000003,0.000000003,0.000000002,0.000000001,0.000000001,0.000009000
15,10000,0.000000003,0.000000003,0.000000003,0.000000001,0.000000001,0.000008000
16,10000,0.000000003,0.000000003,0.000000003,0.000000001,0.000000001,0.000009000
17,10000,0.000000003,0.000000003,0.000000002,0.000000001,0.000000001,0.000010000
18,10000,0.000000003,0.000000003,0.000000002,0.000000001,0.000000001,0.000009000
19,10000,0.000000003,0.000000003,0.000000002,0.000000001,0.000000001,0.000008000
20,10000,0.000000003,0.000000003,0.000000003,0.000000001,0.000000001,0.000009000
21,10000,0.000000003,0.000000003,0.000000003,0.000000001,0.000000001,0.000008000
22,10000,0.000000003,0.000000003,0.000000003,0.000000001,0.000000001,0.000008000
23,10000,0.000000003,0.000000003,0.000000002,0.000000001,0.000000001,0.000009000
24,10000,0.000000003,0.000000003,0.000000002,0.000000001,0.000000001,0.000009000
25,10000,0.000000003,0.000000003,0.000000003,0.000000001,0.000000001,0.000012000
26,10000,0.000000003,0.000000003,0.000000003,0.000000003,0.000000001,0.000008000
27,10000,0.000000003,0.000000003,0.000000002,0.000000001,0.000000001,0.000008000
28,10000,0.000000005,0.000000003,0.000000004,0.000000001,0.000000001,0.000009000
29,10000,0.000000003,0.000000003,0.000000003,0.000000001,0.000000001,0.000008000
30,10000,0.000000003,0.000000003,0.000000003,0.000000001,0.000000001,0.000010000
31,10000,0.000000003,0.000000003,0.000000003,0.000000001,0.000000001,0.000008000
32,10000,0.000000003,0.000000003,0.000000002,0.000000001,0.000000001,0.000009000
33,10000,0.000000003,0.000000003,0.000000002,0.000000001,0.000000001,0.000009000
34,10000,0.000000003,0.000000003,0.000000002,0.000000001,0.000000001,0.000008000
35,10000,0.000000003,0.000000005,0.000000003,0.000000002,0.000000002,0.000013000
36,10000,0.000000004,0.000000003,0.000000002,0.000000001,0.000000001,0.000008000
37,10000,0.000000003,0.000000003,0.000000002,0.000000001,0.000000001,0.000008000
38,10000,0.000000003,0.000000003,0.000000002,0.000000001,0.000000001,0.000008000
39,10000,0.000000003,0.000000003,0.000000002,0.000000001,0.000000001,0.000009000
40,10000,0.000000003,0.000000003,0.000000002,0.000000001,0.000000001,0.000008000
41,10000,0.000000003,0.000000003,0.000000002,0.000000001,0.000000001,0.000009000
42,10000,0.000000003,0.000000003,0.000000002,0.000000001,0.000000001,0.000009000
43,10000,0.000000003,0.000000003,0.000000002,0.000000001,0.000000001,0.000008000
44,10000,0.000000003,0.000000003,0.000000002,0.000000001,0.000000001,0.000008000
45,10000,0.000000003,0.000000003,0.000000002,0.000000001,0.000000001,0.000008000
46,10000,0.000000003,0.000000005,0.000000003,0.000000002,0.000000002,0.000012000
47,10000,0.000000004,0.000000005,0.000000003,0.000000002,0.000000002,0.000015000
48,10000,0.000000005,0.000000005,0.000000003,0.000000002,0.000000002,0.000014000
49,10000,0.000000004,0.000000005,0.000000003,0.000000002,0.000000002,0.000015000
50,10000,0.000000005,0.000000005,0.000000003,0.000000002,0.000000002,0.000013000
51,10000,0.000000005,0.000000003,0.000000003,0.000000002,0.000000002,0.000014000
52,10000,0.000000003,0.000000003,0.000000002,0.000000001,0.000000001,0.000008000
53,10000,0.000000003,0.000000003,0.000000002,0.000000001,0.000000001,0.000008000
54,10000,0.000000003,0.000000003,0.000000002,0.000000001,0.000000001,0.000008000
55,10000,0.000000003,0.000000003,0.000000002,0.000000001,0.000000001,0.000010000
56,10000,0.000000003,0.000000005,0.000000003,0.000000002,0.000000002,0.000012000
57,10000,0.000000005,0.000000004,0.000000003,0.000000002,0.000000002,0.000014000
58,10000,0.000000005,0.000000005,0.000000003,0.000000002,0.000000002,0.000013000
59,10000,0.000000005,0.000000005,0.000000003,0.000000002,0.000000002,0.000013000
60,10000,0.000000005,0.000000005,0.000000003,0.000000002,0.000000002,0.000013000
61,10000,0.000000004,0.000000003,0.000000002,0.000000001,0.000000001,0.000008000
62,10000,0.000000003,0.000000003,0.000000002,0.000000001,0.000000001,0.000009000
63,10000,0.000000003,0.000000003,0.000000002,0.000000001,0.000000001,0.000008000
64,10000,0.000000003,0.000000003,0.000000002,0.000000001,0.000000001,0.000009000
65,10000,0.000000003,0.000000003,0.000000002,0.000000001,0.000000001,0.000008000
66,10000,0.000000003,0.000000005,0.000000003,0.000000002,0.000000002,0.000013000
67,10000,0.000000005,0.000000004,0.000000003,0.000000002,0.000000002,0.000013000
68,10000,0.000000005,0.000000005,0.000000003,0.000000002,0.000000002,0.000013000
69,10000,0.000000005,0.000000005,0.000000003,0.000000002,0.000000002,0.000013000
70,10000,0.000000005,0.000000005,0.000000003,0.000000002,0.000000002,0.000013000
71,10000,0.000000005,0.000000004,0.000000003,0.000000002,0.000000002,0.000013000
72,10000,0.000000004,0.000000004,0.000000003,0.000000001,0.000000001,0.000012000
73,10000,0.000000004,0.000000004,0.000000003,0.000000001,0.000000002,0.000012000
74,10000,0.000000004,0.000000004,0.000000003,0.000000001,0.000000002,0.000012000
75,10000,0.000000004,0.000000004,0.000000003,0.000000001,0.000000001,0.000012000
76,10000,0.000000004,0.000000004,0.000000003,0.000000002,0.000000001,0.000011000
77,10000,0.000000004,0.000000004,0.000000003,0.000000001,0.000000002,0.000012000
78,10000,0.000000004,0.000000004,0.000000003,0.000000001,0.000000002,0.000012000
79,10000,0.000000004,0.000000004,0.000000003,0.000000001,0.000000001,0.000011000
80,10000,0.000000004,0.000000004,0.000000003,0.000000001,0.000000001,0.000011000
81,10000,0.000000004,0.000000004,0.000000003,0.000000001,0.000000001,0.000012000
82,10000,0.000000004,0.000000004,0.000000003,0.000000001,0.000000001,0.000012000
83,10000,0.000000004,0.000000004,0.000000003,0.000000001,0.000000001,0.000012000
84,10000,0.000000004,0.000000004,0.000000003,0.000000001,0.000000001,0.000011000
85,10000,0.000000004,0.000000004,0.000000003,0.000000001,0.000000002,0.000011000
86,10000,0.000000004,0.000000004,0.000000003,0.000000001,0.000000001,0.000011000
87,10000,0.000000004,0.000000004,0.000000003,0.000000001,0.000000001,0.000011000
88,10000,0.000000004,0.000000004,0.000000003,0.000000001,0.000000001,0.000012000
89,10000,0.000000004,0.000000004,0.000000003,0.000000001,0.000000002,0.000012000
90,10000,0.000000004,0.000000004,0.000000003,0.000000001,0.000000001,0.000011000
91,10000,0.000000004,0.000000004,0.000000003,0.000000001,0.000000001,0.000012000
92,10000,0.000000004,0.000000004,0.000000003,0.000000001,0.000000001,0.000011000
93,10000,0.000000004,0.000000004,0.000000003,0.000000001,0.000000002,0.000012000
94,10000,0.000000004,0.000000004,0.000000003,0.000000001,0.000000001,0.000011000
95,10000,0.000000004,0.000000004,0.000000003,0.000000001,0.000000001,0.000011000
96,10000,0.000000004,0.000000004,0.000000003,0.000000001,0.000000001,0.000012000
97,10000,0.000000004,0.000000004,0.000000003,0.000000001,0.000000002,0.000012000
98,10000,0.000000004,0.000000004,0.000000003,0.000000002,0.000000001,0.000012000
99,10000,0.000000004,0.000000004,0.000000003,0.000000002,0.000000001,0.000011000
100,10000,0.000000004,0.000000004,0.000000003,0.000000001,0.000000001,0.000011000
1,20000,0.000000004,0.000000004,0.000000003,0.000000001,0.000000001,0.000024000
2,20000,0.000000004,0.000000004,0.000000003,0.000000001,0.000000001,0.000023000
3,20000,0.000000004,0.000000004,0.000000003,0.000000001,0.000000001,0.000022000
4,20000,0.000000003,0.000000003,0.000000002,0.000000001,0.000000001,0.000018000
5,20000,0.000000003,0.000000003,0.000000002,0.000000001,0.000000001,0.000018000
6,20000,0.000000003,0.000000003,0.000000002,0.000000001,0.000000001,0.000019000
7,20000,0.000000006,0.000000003,0.000000002,0.000000001,0.000000001,0.000018000
8,20000,0.000000003,0.000000003,0.000000002,0.000000001,0.000000001,0.000018000
9,20000,0.000000003,0.000000003,0.000000002,0.000000001,0.000000001,0.000018000
10,20000,0.000000003,0.000000003,0.000000002,0.000000001,0.000000001,0.000018000
11,20000,0.000000003,0.000000003,0.000000003,0.000000001,0.000000001,0.000025000
12,20000,0.000000003,0.000000003,0.000000002,0.000000001,0.000000001,0.000018000
13,20000,0.000000003,0.000000003,0.000000002,0.000000001,0.000000001,0.000019000
14,20000,0.000000003,0.000000003,0.000000002,0.000000001,0.000000001,0.000019000
15,20000,0.000000004,0.000000003,0.000000002,0.000000001,0.000000001,0.000018000
16,20000,0.000000003,0.000000003,0.000000002,0.000000001,0.000000001,0.000018000
17,20000,0.000000003,0.000000003,0.000000002,0.000000001,0.000000001,0.000018000
18,20000,0.000000003,0.000000003,0.000000002,0.000000001,0.000000001,0.000018000
19,20000,0.000000003,0.000000003,0.000000002,0.000000001,0.000000001,0.000018000
20,20000,0.000000003,0.000000003,0.000000003,0.000000001,0.000000001,0.000018000
21,20000,0.000000003,0.000000003,0.000000002,0.000000001,0.000000001,0.000018000
22,20000,0.000000003,0.000000003,0.000000002,0.000000001,0.000000001,0.000018000
23,20000,0.000000003,0.000000003,0.000000003,0.000000001,0.000000001,0.000017000
24,20000,0.000000003,0.000000003,0.000000003,0.000000001,0.000000001,0.000016000
25,20000,0.000000004,0.000000003,0.000000003,0.000000001,0.000000001,0.000017000
26,20000,0.000000003,0.000000003,0.000000003,0.000000001,0.000000001,0.000018000
27,20000,0.000000003,0.000000003,0.000000002,0.000000001,0.000000001,0.000018000
28,20000,0.000000003,0.000000003,0.000000002,0.000000001,0.000000001,0.000016000
29,20000,0.000000003,0.000000003,0.000000002,0.000000001,0.000000001,0.000017000
30,20000,0.000000003,0.000000003,0.000000002,0.000000001,0.000000001,0.000017000
31,20000,0.000000003,0.000000003,0.000000002,0.000000001,0.000000001,0.000017000
32,20000,0.000000003,0.000000003,0.000000002,0.000000001,0.000000001,0.000017000
33,20000,0.000000003,0.000000003,0.000000002,0.000000001,0.000000001,0.000016000
34,20000,0.000000003,0.000000003,0.000000002,0.000000001,0.000000001,0.000016000
35,20000,0.000000003,0.000000003,0.000000002,0.000000001,0.000000001,0.000016000
36,20000,0.000000003,0.000000003,0.000000002,0.000000001,0.000000001,0.000019000
37,20000,0.000000003,0.000000003,0.000000002,0.000000001,0.000000001,0.000019000
38,20000,0.000000003,0.000000003,0.000000002,0.000000001,0.000000001,0.000019000
39,20000,0.000000003,0.000000003,0.000000002,0.000000001,0.000000001,0.000017000
40,20000,0.000000003,0.000000003,0.000000002,0.000000001,0.000000001,0.000017000
41,20000,0.000000003,0.000000003,0.000000002,0.000000001,0.000000001,0.000018000
42,20000,0.000000002,0.000000002,0.000000002,0.000000001,0.000000001,0.000013000
43,20000,0.000000002,0.000000002,0.000000002,0.000000001,0.000000001,0.000013000
44,20000,0.000000002,0.000000002,0.000000002,0.000000001,0.000000001,0.000014000
45,20000,0.000000003,0.000000003,0.000000002,0.000000001,0.000000001,0.000019000
46,20000,0.000000003,0.000000003,0.000000002,0.000000001,0.000000001,0.000016000
47,20000,0.000000003,0.000000003,0.000000002,0.000000001,0.000000001,0.000017000
48,20000,0.000000003,0.000000003,0.000000002,0.000000001,0.000000001,0.000017000
49,20000,0.000000003,0.000000003,0.000000002,0.000000001,0.000000001,0.000018000
50,20000,0.000000003,0.000000003,0.000000002,0.000000001,0.000000001,0.000018000
51,20000,0.000000003,0.000000003,0.000000002,0.000000001,0.000000001,0.000018000
52,20000,0.000000003,0.000000003,0.000000002,0.000000001,0.000000001,0.000018000
53,20000,0.000000003,0.000000003,0.000000002,0.000000001,0.000000001,0.000018000
54,20000,0.000000003,0.000000003,0.000000002,0.000000001,0.000000001,0.000019000
55,20000,0.000000003,0.000000003,0.000000002,0.000000001,0.000000001,0.000018000
56,20000,0.000000003,0.000000003,0.000000002,0.000000001,0.000000001,0.000018000
57,20000,0.000000003,0.000000003,0.000000002,0.000000001,0.000000001,0.000018000
58,20000,0.000000003,0.000000003,0.000000002,0.000000001,0.000000001,0.000017000
59,20000,0.000000003,0.000000003,0.000000002,0.000000001,0.000000001,0.000018000
60,20000,0.000000003,0.000000003,0.000000002,0.000000001,0.000000001,0.000018000
61,20000,0.000000003,0.000000003,0.000000002,0.000000001,0.000000001,0.000016000
62,20000,0.000000003,0.000000003,0.000000002,0.000000001,0.000000001,0.000016000
63,20000,0.000000003,0.000000003,0.000000002,0.000000001,0.000000001,0.000017000
64,20000,0.000000003,0.000000003,0.000000002,0.000000001,0.000000001,0.000016000
65,20000,0.000000003,0.000000003,0.000000002,0.000000001,0.000000001,0.000017000
66,20000,0.000000003,0.000000003,0.000000002,0.000000001,0.000000001,0.000017000
67,20000,0.000000003,0.000000003,0.000000002,0.000000001,0.000000001,0.000018000
68,20000,0.000000003,0.000000003,0.000000002,0.000000001,0.000000001,0.000017000
69,20000,0.000000003,0.000000003,0.000000002,0.000000001,0.000000001,0.000017000
70,20000,0.000000003,0.000000003,0.000000002,0.000000001,0.000000001,0.000017000
71,20000,0.000000003,0.000000003,0.000000002,0.000000001,0.000000001,0.000017000
72,20000,0.000000003,0.000000003,0.000000002,0.000000001,0.000000001,0.000018000
73,20000,0.000000003,0.000000003,0.000000002,0.000000001,0.000000001,0.000018000
74,20000,0.000000003,0.000000003,0.000000002,0.000000001,0.000000001,0.000016000
75,20000,0.000000003,0.000000003,0.000000002,0.000000001,0.000000001,0.000016000
76,20000,0.000000003,0.000000003,0.000000002,0.000000001,0.000000001,0.000017000
77,20000,0.000000003,0.000000003,0.000000002,0.000000001,0.000000001,0.000017000
78,20000,0.000000003,0.000000003,0.000000002,0.000000001,0.000000001,0.000017000
79,20000,0.000000003,0.000000003,0.000000002,0.000000001,0.000000001,0.000017000
80,20000,0.000000003,0.000000003,0.000000002,0.000000001,0.000000001,0.000017000
81,20000,0.000000003,0.000000003,0.000000002,0.000000001,0.000000001,0.000016000
82,20000,0.000000003,0.000000003,0.000000002,0.000000001,0.000000001,0.000017000
83,20000,0.000000006,0.000000003,0.000000002,0.000000001,0.000000001,0.000017000
84,20000,0.000000003,0.000000003,0.000000002,0.000000001,0.000000001,0.000017000
85,20000,0.000000003,0.000000003,0.000000002,0.000000001,0.000000001,0.000016000
86,20000,0.000000003,0.000000003,0.000000003,0.000000001,0.000000001,0.000016000
87,20000,0.000000003,0.000000003,0.000000002,0.000000001,0.000000001,0.000016000
88,20000,0.000000003,0.000000003,0.000000002,0.000000001,0.000000001,0.000017000
89,20000,0.000000003,0.000000003,0.000000002,0.000000001,0.000000001,0.000016000
90,20000,0.000000003,0.000000003,0.000000002,0.000000001,0.000000001,0.000035000
91,20000,0.000000003,0.000000003,0.000000002,0.000000001,0.000000001,0.000015000
92,20000,0.000000003,0.000000003,0.000000002,0.000000001,0.000000001,0.000015000
93,20000,0.000000003,0.000000003,0.000000002,0.000000001,0.000000001,0.000015000
94,20000,0.000000003,0.000000003,0.000000002,0.000000001,0.000000001,0.000016000
95,20000,0.000000003,0.000000003,0.000000002,0.000000001,0.000000001,0.000015000
96,20000,0.000000003,0.000000003,0.000000002,0.000000001,0.000000001,0.000015000
97,20000,0.000000003,0.000000003,0.000000002,0.000000001,0.000000001,0.000015000
98,20000,0.000000003,0.000000003,0.000000002,0.000000001,0.000000001,0.000020000
99,20000,0.000000003,0.000000002,0.000000002,0.000000001,0.000000001,0.000013000
100,20000,0.000000002,0.000000002,0.000000002,0.000000001,0.000000001,0.000014000
1,30000,0.000000003,0.000000002,0.000000002,0.000000001,0.000000001,0.000021000
2,30000,0.000000003,0.000000003,0.000000002,0.000000001,0.000000001,0.000023000
3,30000,0.000000003,0.000000003,0.000000002,0.000000001,0.000000001,0.000023000
4,30000,0.000000003,0.000000003,0.000000002,0.000000001,0.000000001,0.000025000
5,30000,0.000000003,0.000000003,0.000000002,0.000000001,0.000000001,0.000023000
6,30000,0.000000003,0.000000003,0.000000002,0.000000001,0.000000001,0.000023000
7,30000,0.000000003,0.000000002,0.000000002,0.000000001,0.000000001,0.000024000
8,30000,0.000000002,0.000000002,0.000000002,0.000000001,0.000000001,0.000022000
9,30000,0.000000002,0.000000002,0.000000002,0.000000001,0.000000001,0.000022000
10,30000,0.000000002,0.000000002,0.000000002,0.000000001,0.000000001,0.000022000
11,30000,0.000000002,0.000000002,0.000000002,0.000000001,0.000000001,0.000022000
12,30000,0.000000002,0.000000002,0.000000002,0.000000001,0.000000001,0.000022000
13,30000,0.000000002,0.000000002,0.000000002,0.000000001,0.000000001,0.000022000
14,30000,0.000000002,0.000000002,0.000000002,0.000000001,0.000000001,0.000022000
15,30000,0.000000002,0.000000002,0.000000002,0.000000001,0.000000001,0.000022000
16,30000,0.000000002,0.000000002,0.000000002,0.000000001,0.000000001,0.000022000
17,30000,0.000000002,0.000000002,0.000000002,0.000000001,0.000000001,0.000022000
18,30000,0.000000002,0.000000002,0.000000002,0.000000001,0.000000001,0.000022000
19,30000,0.000000002,0.000000002,0.000000002,0.000000001,0.000000001,0.000022000
20,30000,0.000000002,0.000000002,0.000000002,0.000000001,0.000000001,0.000022000
21,30000,0.000000002,0.000000002,0.000000002,0.000000001,0.000000001,0.000022000
22,30000,0.000000002,0.000000002,0.000000002,0.000000001,0.000000001,0.000023000
23,30000,0.000000002,0.000000002,0.000000002,0.000000001,0.000000001,0.000021000
24,30000,0.000000002,0.000000002,0.000000002,0.000000001,0.000000001,0.000022000
25,30000,0.000000002,0.000000002,0.000000002,0.000000001,0.000000001,0.000022000
26,30000,0.000000002,0.000000002,0.000000002,0.000000001,0.000000001,0.000022000
27,30000,0.000000002,0.000000002,0.000000002,0.000000001,0.000000001,0.000022000
28,30000,0.000000002,0.000000002,0.000000002,0.000000001,0.000000001,0.000023000
29,30000,0.000000002,0.000000002,0.000000002,0.000000001,0.000000001,0.000022000
30,30000,0.000000002,0.000000002,0.000000002,0.000000001,0.000000001,0.000022000
31,30000,0.000000002,0.000000002,0.000000002,0.000000001,0.000000001,0.000021000
32,30000,0.000000002,0.000000002,0.000000002,0.000000001,0.000000001,0.000021000
33,30000,0.000000002,0.000000002,0.000000002,0.000000001,0.000000001,0.000022000
34,30000,0.000000003,0.000000002,0.000000002,0.000000001,0.000000001,0.000022000
35,30000,0.000000002,0.000000002,0.000000002,0.000000001,0.000000001,0.000022000
36,30000,0.000000002,0.000000002,0.000000002,0.000000001,0.000000001,0.000020000
37,30000,0.000000002,0.000000002,0.000000002,0.000000001,0.000000001,0.000021000
38,30000,0.000000002,0.000000002,0.000000002,0.000000001,0.000000001,0.000021000
39,30000,0.000000002,0.000000002,0.000000002,0.000000001,0.000000001,0.000021000
40,30000,0.000000002,0.000000002,0.000000002,0.000000001,0.000000001,0.000021000
41,30000,0.000000002,0.000000002,0.000000002,0.000000001,0.000000001,0.000021000
42,30000,0.000000003,0.000000002,0.000000002,0.000000001,0.000000001,0.000021000
43,30000,0.000000003,0.000000002,0.000000002,0.000000001,0.000000001,0.000021000
44,30000,0.000000003,0.000000002,0.000000002,0.000000001,0.000000001,0.000021000
45,30000,0.000000003,0.000000002,0.000000002,0.000000001,0.000000001,0.000021000
46,30000,0.000000003,0.000000002,0.000000002,0.000000001,0.000000001,0.000020000
47,30000,0.000000003,0.000000002,0.000000002,0.000000001,0.000000001,0.000021000
48,30000,0.000000003,0.000000002,0.000000002,0.000000001,0.000000001,0.000028000
49,30000,0.000000003,0.000000002,0.000000002,0.000000001,0.000000001,0.000021000
50,30000,0.000000002,0.000000002,0.000000002,0.000000001,0.000000001,0.000020000
51,30000,0.000000002,0.000000002,0.000000002,0.000000001,0.000000001,0.000020000
52,30000,0.000000002,0.000000002,0.000000002,0.000000001,0.000000001,0.000020000
53,30000,0.000000002,0.000000002,0.000000002,0.000000001,0.000000001,0.000020000
54,30000,0.000000003,0.000000002,0.000000002,0.000000001,0.000000001,0.000020000
55,30000,0.000000002,0.000000002,0.000000002,0.000000001,0.000000001,0.000020000
56,30000,0.000000002,0.000000002,0.000000002,0.000000001,0.000000001,0.000019000
57,30000,0.000000002,0.000000002,0.000000002,0.000000001,0.000000001,0.000020000
58,30000,0.000000002,0.000000002,0.000000002,0.000000001,0.000000001,0.000020000
59,30000,0.000000002,0.000000002,0.000000002,0.000000001,0.000000001,0.000020000
60,30000,0.000000002,0.000000002,0.000000002,0.000000001,0.000000001,0.000021000
61,30000,0.000000002,0.000000002,0.000000002,0.000000001,0.000000001,0.000021000
62,30000,0.000000002,0.000000002,0.000000002,0.000000001,0.000000001,0.000021000
63,30000,0.000000002,0.000000002,0.000000002,0.000000001,0.000000001,0.000021000
64,30000,0.000000002,0.000000002,0.000000002,0.000000001,0.000000001,0.000020000
65,30000,0.000000002,0.000000002,0.000000002,0.000000001,0.000000001,0.000020000
66,30000,0.000000002,0.000000002,0.000000002,0.000000001,0.000000001,0.000020000
67,30000,0.000000002,0.000000002,0.000000002,0.000000001,0.000000001,0.000020000
68,30000,0.000000002,0.000000002,0.000000002,0.000000001,0.000000001,0.000020000
69,30000,0.000000002,0.000000002,0.000000002,0.000000001,0.000000001,0.000019000
70,30000,0.000000002,0.000000002,0.000000002,0.000000001,0.000000001,0.000020000
71,30000,0.000000002,0.000000002,0.000000002,0.000000001,0.000000001,0.000021000
72,30000,0.000000002,0.000000002,0.000000002,0.000000001,0.000000001,0.000020000
73,30000,0.000000002,0.000000002,0.000000002,0.000000001,0.000000001,0.000019000
74,30000,0.000000002,0.000000002,0.000000002,0.000000001,0.000000001,0.000020000
75,30000,0.000000002,0.000000002,0.000000002,0.000000001,0.000000001,0.000019000
76,30000,0.000000002,0.000000002,0.000000002,0.000000001,0.000000001,0.000019000
77,30000,0.000000002,0.000000002,0.000000002,0.000000001,0.000000001,0.000019000
78,30000,0.000000002,0.000000002,0.000000002,0.000000001,0.000000001,0.000020000
79,30000,0.000000002,0.000000002,0.000000002,0.000000001,0.000000001,0.000020000
80,30000,0.000000002,0.000000002,0.000000002,0.000000001,0.000000001,0.000019000
81,30000,0.000000002,0.000000002,0.000000002,0.000000001,0.000000001,0.000019000
82,30000,0.000000002,0.000000002,0.000000002,0.000000001,0.000000001,0.000019000
83,30000,0.000000002,0.000000002,0.000000002,0.000000001,0.000000001,0.000019000
84,30000,0.000000002,0.000000002,0.000000002,0.000000001,0.000000001,0.000019000
85,30000,0.000000002,0.000000002,0.000000002,0.000000001,0.000000001,0.000019000
86,30000,0.000000005,0.000000002,0.000000002,0.000000001,0.000000001,0.000019000
87,30000,0.000000002,0.000000002,0.000000002,0.000000001,0.000000001,0.000019000
88,30000,0.000000002,0.000000002,0.000000002,0.000000001,0.000000001,0.000019000
89,30000,0.000000002,0.000000002,0.000000002,0.000000001,0.000000001,0.000019000
90,30000,0.000000002,0.000000002,0.000000002,0.000000001,0.000000001,0.000019000
91,30000,0.000000002,0.000000002,0.000000002,0.000000001,0.000000001,0.000019000
92,30000,0.000000002,0.000000002,0.000000002,0.000000001,0.000000001,0.000019000
93,30000,0.000000002,0.000000002,0.000000002,0.000000001,0.000000001,0.000019000
94,30000,0.000000002,0.000000002,0.000000002,0.000000001,0.000000001,0.000020000
95,30000,0.000000002,0.000000002,0.000000002,0.000000001,0.000000001,0.000020000
96,30000,0.000000002,0.000000002,0.000000002,0.000000001,0.000000001,0.000018000
97,30000,0.000000002,0.000000002,0.000000002,0.000000001,0.000000001,0.000019000
98,30000,0.000000002,0.000000002,0.000000002,0.000000001,0.000000001,0.000018000
99,30000,0.000000002,0.000000002,0.000000002,0.000000001,0.000000001,0.000018000
100,30000,0.000000002,0.000000002,0.000000002,0.000000001,0.000000001,0.000019000
1,40000,0.000000003,0.000000002,0.000000002,0.000000001,0.000000001,0.000025000
2,40000,0.000000002,0.000000002,0.000000002,0.000000001,0.000000001,0.000026000
3,40000,0.000000002,0.000000002,0.000000002,0.000000001,0.000000001,0.000025000
4,40000,0.000000002,0.000000002,0.000000002,0.000000001,0.000000001,0.000025000
5,40000,0.000000002,0.000000002,0.000000002,0.000000001,0.000000001,0.000026000
6,40000,0.000000002,0.000000002,0.000000002,0.000000001,0.000000001,0.000026000
7,40000,0.000000002,0.000000002,0.000000002,0.000000001,0.000000001,0.000025000
8,40000,0.000000002,0.000000002,0.000000002,0.000000001,0.000000001,0.000025000
9,40000,0.000000002,0.000000002,0.000000002,0.000000001,0.000000001,0.000025000
10,40000,0.000000002,0.000000002,0.000000002,0.000000001,0.000000001,0.000025000
11,40000,0.000000002,0.000000002,0.000000002,0.000000001,0.000000001,0.000025000
12,40000,0.000000002,0.000000002,0.000000002,0.000000001,0.000000001,0.000025000
13,40000,0.000000002,0.000000002,0.000000002,0.000000001,0.000000001,0.000025000
14,40000,0.000000002,0.000000002,0.000000002,0.000000001,0.000000001,0.000026000
15,40000,0.000000002,0.000000002,0.000000001,0.000000001,0.000000001,0.000025000
16,40000,0.000000002,0.000000002,0.000000002,0.000000001,0.000000001,0.000025000
17,40000,0.000000002,0.000000002,0.000000002,0.000000001,0.000000001,0.000024000
18,40000,0.000000002,0.000000002,0.000000001,0.000000001,0.000000001,0.000025000
19,40000,0.000000002,0.000000002,0.000000002,0.000000001,0.000000001,0.000025000
20,40000,0.000000002,0.000000002,0.000000002,0.000000001,0.000000001,0.000028000
21,40000,0.000000002,0.000000002,0.000000002,0.000000001,0.000000001,0.000025000
22,40000,0.000000002,0.000000002,0.000000002,0.000000001,0.000000001,0.000025000
23,40000,0.000000002,0.000000002,0.000000001,0.000000001,0.000000001,0.000025000
24,40000,0.000000002,0.000000002,0.000000001,0.000000001,0.000000001,0.000025000
25,40000,0.000000002,0.000000002,0.000000001,0.000000001,0.000000001,0.000024000
26,40000,0.000000002,0.000000002,0.000000001,0.000000001,0.000000001,0.000025000
27,40000,0.000000002,0.000000002,0.000000001,0.000000001,0.000000001,0.000025000
28,40000,0.000000002,0.000000002,0.000000002,0.000000001,0.000000001,0.000024000
29,40000,0.000000002,0.000000002,0.000000002,0.000000001,0.000000001,0.000024000
30,40000,0.000000002,0.000000002,0.000000002,0.000000001,0.000000001,0.000025000
31,40000,0.000000002,0.000000002,0.000000001,0.000000001,0.000000001,0.000024000
32,40000,0.000000002,0.000000002,0.000000001,0.000000001,0.000000001,0.000024000
33,40000,0.000000002,0.000000002,0.000000001,0.000000001,0.000000001,0.000024000
34,40000,0.000000002,0.000000002,0.000000002,0.000000001,0.000000001,0.000024000
35,40000,0.000000002,0.000000002,0.000000001,0.000000001,0.000000001,0.000024000
36,40000,0.000000002,0.000000002,0.000000001,0.000000001,0.000000001,0.000023000
37,40000,0.000000002,0.000000002,0.000000001,0.000000001,0.000000001,0.000024000
38,40000,0.000000002,0.000000002,0.000000002,0.000000001,0.000000001,0.000026000
39,40000,0.000000002,0.000000002,0.000000001,0.000000001,0.000000001,0.000024000
40,40000,0.000000002,0.000000002,0.000000001,0.000000001,0.000000001,0.000024000
41,40000,0.000000003,0.000000002,0.000000001,0.000000001,0.000000001,0.000024000
42,40000,0.000000002,0.000000002,0.000000001,0.000000001,0.000000001,0.000024000
43,40000,0.000000002,0.000000002,0.000000001,0.000000001,0.000000001,0.000024000
44,40000,0.000000002,0.000000002,0.000000001,0.000000001,0.000000001,0.000024000
45,40000,0.000000002,0.000000002,0.000000001,0.000000001,0.000000001,0.000024000
46,40000,0.000000002,0.000000002,0.000000001,0.000000001,0.000000001,0.000024000
47,40000,0.000000002,0.000000002,0.000000001,0.000000001,0.000000001,0.000023000
48,40000,0.000000002,0.000000002,0.000000001,0.000000001,0.000000001,0.000024000
49,40000,0.000000002,0.000000002,0.000000001,0.000000001,0.000000001,0.000024000
50,40000,0.000000002,0.000000002,0.000000001,0.000000001,0.000000001,0.000023000
51,40000,0.000000002,0.000000002,0.000000001,0.000000001,0.000000001,0.000023000
52,40000,0.000000002,0.000000002,0.000000001,0.000000001,0.000000001,0.000024000
53,40000,0.000000002,0.000000002,0.000000001,0.000000001,0.000000001,0.000024000
54,40000,0.000000002,0.000000002,0.000000001,0.000000001,0.000000001,0.000024000
55,40000,0.000000002,0.000000002,0.000000001,0.000000001,0.000000001,0.000025000
56,40000,0.000000002,0.000000002,0.000000002,0.000000001,0.000000001,0.000026000
57,40000,0.000000002,0.000000002,0.000000002,0.000000001,0.000000001,0.000028000
58,40000,0.000000002,0.000000002,0.000000002,0.000000001,0.000000001,0.000024000
59,40000,0.000000002,0.000000002,0.000000002,0.000000001,0.000000001,0.000025000
60,40000,0.000000002,0.000000002,0.000000001,0.000000001,0.000000001,0.000026000
61,40000,0.000000003,0.000000002,0.000000001,0.000000001,0.000000001,0.000032000
62,40000,0.000000002,0.000000002,0.000000002,0.000000001,0.000000001,0.000025000
63,40000,0.000000002,0.000000002,0.000000002,0.000000001,0.000000001,0.000025000
64,40000,0.000000002,0.000000002,0.000000002,0.000000001,0.000000001,0.000025000
65,40000,0.000000002,0.000000002,0.000000002,0.000000001,0.000000001,0.000025000
66,40000,0.000000002,0.000000002,0.000000002,0.000000001,0.000000001,0.000025000
67,40000,0.000000002,0.000000002,0.000000002,0.000000001,0.000000001,0.000025000
68,40000,0.000000002,0.000000002,0.000000002,0.000000001,0.000000001,0.000024000
69,40000,0.000000002,0.000000002,0.000000001,0.000000001,0.000000001,0.000024000
70,40000,0.000000003,0.000000002,0.000000001,0.000000001,0.000000001,0.000022000
71,40000,0.000000003,0.000000002,0.000000002,0.000000001,0.000000001,0.000022000
72,40000,0.000000003,0.000000002,0.000000001,0.000000001,0.000000001,0.000022000
73,40000,0.000000003,0.000000002,0.000000001,0.000000001,0.000000001,0.000022000
74,40000,0.000000002,0.000000002,0.000000001,0.000000001,0.000000001,0.000022000
75,40000,0.000000002,0.000000002,0.000000001,0.000000001,0.000000001,0.000023000
76,40000,0.000000002,0.000000002,0.000000001,0.000000001,0.000000001,0.000022000
77,40000,0.000000003,0.000000002,0.000000001,0.000000001,0.000000001,0.000022000
78,40000,0.000000002,0.000000002,0.000000001,0.000000001,0.000000001,0.000022000
79,40000,0.000000002,0.000000002,0.000000001,0.000000001,0.000000001,0.000022000
80,40000,0.000000002,0.000000002,0.000000001,0.000000001,0.000000001,0.000023000
81,40000,0.000000002,0.000000002,0.000000001,0.000000001,0.000000001,0.000022000
82,40000,0.000000003,0.000000002,0.000000001,0.000000001,0.000000001,0.000023000
83,40000,0.000000002,0.000000002,0.000000001,0.000000001,0.000000001,0.000022000
84,40000,0.000000002,0.000000002,0.000000001,0.000000001,0.000000001,0.000022000
85,40000,0.000000002,0.000000002,0.000000001,0.000000001,0.000000001,0.000023000
86,40000,0.000000002,0.000000002,0.000000001,0.000000001,0.000000001,0.000022000
87,40000,0.000000003,0.000000002,0.000000001,0.000000001,0.000000001,0.000022000
88,40000,0.000000002,0.000000002,0.000000001,0.000000001,0.000000001,0.000021000
89,40000,0.000000003,0.000000002,0.000000001,0.000000001,0.000000001,0.000022000
90,40000,0.000000002,0.000000002,0.000000001,0.000000001,0.000000001,0.000022000
91,40000,0.000000003,0.000000002,0.000000001,0.000000001,0.000000001,0.000021000
92,40000,0.000000002,0.000000002,0.000000001,0.000000001,0.000000001,0.000022000
93,40000,0.000000002,0.000000002,0.000000001,0.000000001,0.000000001,0.000022000
94,40000,0.000000002,0.000000002,0.000000001,0.000000001,0.000000001,0.000022000
95,40000,0.000000002,0.000000002,0.000000001,0.000000001,0.000000001,0.000023000
96,40000,0.000000003,0.000000002,0.000000001,0.000000001,0.000000001,0.000022000
97,40000,0.000000002,0.000000002,0.000000001,0.000000001,0.000000001,0.000022000
98,40000,0.000000002,0.000000002,0.000000001,0.000000001,0.000000001,0.000022000
99,40000,0.000000002,0.000000002,0.000000001,0.000000001,0.000000001,0.000022000
100,40000,0.000000002,0.000000002,0.000000001,0.000000001,0.000000001,0.000022000
1,50000,0.000000003,0.000000002,0.000000002,0.000000001,0.000000001,0.000028000
2,50000,0.000000002,0.000000002,0.000000001,0.000000001,0.000000001,0.000030000
3,50000,0.000000002,0.000000002,0.000000001,0.000000001,0.000000001,0.000028000
4,50000,0.000000002,0.000000002,0.000000001,0.000000001,0.000000001,0.000029000
5,50000,0.000000002,0.000000002,0.000000001,0.000000001,0.000000001,0.000028000
6,50000,0.000000002,0.000000002,0.000000001,0.000000001,0.000000001,0.000028000
7,50000,0.000000002,0.000000002,0.000000001,0.000000001,0.000000001,0.000030000
8,50000,0.000000002,0.000000002,0.000000002,0.000000001,0.000000001,0.000027000
9,50000,0.000000002,0.000000002,0.000000002,0.000000001,0.000000001,0.000032000
10,50000,0.000000002,0.000000002,0.000000001,0.000000001,0.000000001,0.000032000
11,50000,0.000000002,0.000000002,0.000000002,0.000000001,0.000000001,0.000034000
12,50000,0.000000002,0.000000002,0.000000002,0.000000001,0.000000001,0.000028000
13,50000,0.000000002,0.000000002,0.000000002,0.000000001,0.000000001,0.000031000
14,50000,0.000000002,0.000000002,0.000000002,0.000000001,0.000000001,0.000031000
15,50000,0.000000002,0.000000002,0.000000002,0.000000001,0.000000001,0.000032000
16,50000,0.000000002,0.000000002,0.000000002,0.000000001,0.000000001,0.000030000
17,50000,0.000000002,0.000000002,0.000000002,0.000000001,0.000000001,0.000028000
18,50000,0.000000002,0.000000002,0.000000002,0.000000001,0.000000001,0.000027000
19,50000,0.000000002,0.000000002,0.000000001,0.000000001,0.000000001,0.000027000
20,50000,0.000000002,0.000000002,0.000000001,0.000000001,0.000000001,0.000037000
21,50000,0.000000002,0.000000002,0.000000002,0.000000001,0.000000001,0.000027000
22,50000,0.000000002,0.000000002,0.000000001,0.000000001,0.000000001,0.000027000
23,50000,0.000000002,0.000000002,0.000000001,0.000000001,0.000000001,0.000028000
24,50000,0.000000002,0.000000002,0.000000001,0.000000001,0.000000001,0.000028000
25,50000,0.000000002,0.000000002,0.000000001,0.000000001,0.000000001,0.000028000
26,50000,0.000000002,0.000000002,0.000000001,0.000000001,0.000000001,0.000028000
27,50000,0.000000002,0.000000002,0.000000001,0.000000001,0.000000001,0.000027000
28,50000,0.000000002,0.000000002,0.000000001,0.000000001,0.000000001,0.000027000
29,50000,0.000000002,0.000000002,0.000000001,0.000000001,0.000000001,0.000028000
30,50000,0.000000002,0.000000002,0.000000001,0.000000001,0.000000001,0.000028000
31,50000,0.000000002,0.000000002,0.000000001,0.000000001,0.000000001,0.000028000
32,50000,0.000000002,0.000000002,0.000000001,0.000000001,0.000000001,0.000028000
33,50000,0.000000002,0.000000002,0.000000001,0.000000001,0.000000001,0.000029000
34,50000,0.000000002,0.000000002,0.000000001,0.000000001,0.000000001,0.000027000
35,50000,0.000000002,0.000000002,0.000000001,0.000000001,0.000000001,0.000028000
36,50000,0.000000002,0.000000002,0.000000001,0.000000001,0.000000001,0.000027000
37,50000,0.000000002,0.000000002,0.000000001,0.000000001,0.000000001,0.000027000
38,50000,0.000000002,0.000000002,0.000000001,0.000000001,0.000000001,0.000027000
39,50000,0.000000002,0.000000002,0.000000001,0.000000001,0.000000001,0.000030000
40,50000,0.000000002,0.000000002,0.000000001,0.000000001,0.000000001,0.000027000
41,50000,0.000000002,0.000000002,0.000000001,0.000000001,0.000000001,0.000030000
42,50000,0.000000002,0.000000002,0.000000001,0.000000001,0.000000001,0.000027000
43,50000,0.000000002,0.000000002,0.000000001,0.000000001,0.000000001,0.000028000
44,50000,0.000000002,0.000000002,0.000000001,0.000000001,0.000000001,0.000027000
45,50000,0.000000002,0.000000002,0.000000001,0.000000001,0.000000001,0.000028000
46,50000,0.000000002,0.000000002,0.000000001,0.000000001,0.000000001,0.000027000
47,50000,0.000000002,0.000000002,0.000000001,0.000000001,0.000000001,0.000030000
48,50000,0.000000002,0.000000002,0.000000001,0.000000001,0.000000001,0.000030000
49,50000,0.000000002,0.000000002,0.000000001,0.000000001,0.000000001,0.000028000
50,50000,0.000000002,0.000000002,0.000000001,0.000000001,0.000000001,0.000027000
51,50000,0.000000002,0.000000002,0.000000001,0.000000001,0.000000001,0.000030000
52,50000,0.000000002,0.000000002,0.000000002,0.000000001,0.000000001,0.000027000
53,50000,0.000000003,0.000000002,0.000000002,0.000000001,0.000000001,0.000035000
54,50000,0.000000003,0.000000002,0.000000002,0.000000001,0.000000001,0.000028000
55,50000,0.000000003,0.000000002,0.000000002,0.000000001,0.000000001,0.000027000
56,50000,0.000000002,0.000000002,0.000000002,0.000000001,0.000000001,0.000036000
57,50000,0.000000002,0.000000002,0.000000002,0.000000001,0.000000001,0.000031000
58,50000,0.000000002,0.000000002,0.000000002,0.000000001,0.000000001,0.000030000
59,50000,0.000000002,0.000000002,0.000000002,0.000000001,0.000000001,0.000031000
60,50000,0.000000003,0.000000002,0.000000001,0.000000001,0.000000001,0.000028000
61,50000,0.000000003,0.000000002,0.000000002,0.000000001,0.000000001,0.000028000
62,50000,0.000000002,0.000000002,0.000000002,0.000000001,0.000000001,0.000027000
63,50000,0.000000002,0.000000002,0.000000001,0.000000001,0.000000001,0.000027000
64,50000,0.000000002,0.000000002,0.000000002,0.000000001,0.000000001,0.000027000
65,50000,0.000000002,0.000000002,0.000000001,0.000000001,0.000000001,0.000028000
66,50000,0.000000002,0.000000002,0.000000001,0.000000001,0.000000001,0.000027000
67,50000,0.000000002,0.000000002,0.000000001,0.000000001,0.000000001,0.000027000
68,50000,0.000000002,0.000000002,0.000000001,0.000000001,0.000000001,0.000027000
69,50000,0.000000002,0.000000002,0.000000001,0.000000001,0.000000001,0.000027000
70,50000,0.000000002,0.000000002,0.000000001,0.000000001,0.000000001,0.000027000
71,50000,0.000000002,0.000000002,0.000000001,0.000000001,0.000000001,0.000029000
72,50000,0.000000002,0.000000002,0.000000001,0.000000001,0.000000001,0.000027000
73,50000,0.000000002,0.000000002,0.000000001,0.000000001,0.000000001,0.000027000
74,50000,0.000000002,0.000000002,0.000000001,0.000000001,0.000000001,0.000027000
75,50000,0.000000002,0.000000002,0.000000001,0.000000001,0.000000001,0.000027000
76,50000,0.000000002,0.000000002,0.000000001,0.000000001,0.000000001,0.000028000
77,50000,0.000000002,0.000000002,0.000000001,0.000000001,0.000000001,0.000027000
78,50000,0.000000002,0.000000002,0.000000001,0.000000001,0.000000001,0.000031000
79,50000,0.000000002,0.000000002,0.000000001,0.000000001,0.000000001,0.000027000
80,50000,0.000000002,0.000000002,0.000000001,0.000000001,0.000000001,0.000028000
81,50000,0.000000002,0.000000002,0.000000001,0.000000001,0.000000001,0.000027000
82,50000,0.000000002,0.000000002,0.000000001,0.000000001,0.000000001,0.000027000
83,50000,0.000000002,0.000000002,0.000000001,0.000000001,0.000000001,0.000027000
84,50000,0.000000002,0.000000002,0.000000001,0.000000001,0.000000001,0.000030000
85,50000,0.000000002,0.000000002,0.000000001,0.000000001,0.000000001,0.000027000
86,50000,0.000000002,0.000000002,0.000000001,0.000000001,0.000000001,0.000030000
87,50000,0.000000002,0.000000002,0.000000001,0.000000001,0.000000001,0.000030000
88,50000,0.000000002,0.000000002,0.000000001,0.000000001,0.000000001,0.000027000
89,50000,0.000000002,0.000000002,0.000000001,0.000000001,0.000000001,0.000027000
90,50000,0.000000002,0.000000002,0.000000001,0.000000001,0.000000001,0.000027000
91,50000,0.000000002,0.000000002,0.000000001,0.000000001,0.000000001,0.000030000
92,50000,0.000000002,0.000000002,0.000000001,0.000000001,0.000000001,0.000027000
93,50000,0.000000002,0.000000002,0.000000002,0.000000001,0.000000001,0.000027000
94,50000,0.000000002,0.000000002,0.000000001,0.000000001,0.000000001,0.000030000
95,50000,0.000000002,0.000000002,0.000000001,0.000000001,0.000000001,0.000030000
96,50000,0.000000002,0.000000002,0.000000001,0.000000001,0.000000001,0.000027000
97,50000,0.000000002,0.000000002,0.000000002,0.000000001,0.000000001,0.000028000
98,50000,0.000000002,0.000000002,0.000000002,0.000000001,0.000000001,0.000028000
99,50000,0.000000002,0.000000002,0.000000002,0.000000001,0.000000001,0.000029000
100,50000,0.000000002,0.000000002,0.000000002,0.000000001,0.000000001,0.000031000
1,60000,0.000000002,0.000000002,0.000000002,0.000000001,0.000000001,0.000036000
2,60000,0.000000002,0.000000002,0.000000002,0.000000001,0.000000001,0.000037000
3,60000,0.000000002,0.000000002,0.000000002,0.000000001,0.000000001,0.000047000
4,60000,0.000000002,0.000000002,0.000000001,0.000000001,0.000000001,0.000047000
5,60000,0.000000002,0.000000002,0.000000001,0.000000001,0.000000001,0.000033000
6,60000,0.000000002,0.000000002,0.000000002,0.000000001,0.000000001,0.000036000
7,60000,0.000000002,0.000000002,0.000000002,0.000000001,0.000000001,0.000034000
8,60000,0.000000002,0.000000002,0.000000001,0.000000001,0.000000001,0.000033000
9,60000,0.000000002,0.000000002,0.000000001,0.000000001,0.000000001,0.000032000
10,60000,0.000000002,0.000000002,0.000000001,0.000000001,0.000000001,0.000032000
11,60000,0.000000002,0.000000002,0.000000001,0.000000001,0.000000001,0.000033000
12,60000,0.000000002,0.000000002,0.000000001,0.000000001,0.000000001,0.000033000
13,60000,0.000000002,0.000000002,0.000000001,0.000000001,0.000000001,0.000033000
14,60000,0.000000002,0.000000002,0.000000001,0.000000001,0.000000001,0.000033000
15,60000,0.000000002,0.000000002,0.000000001,0.000000001,0.000000001,0.000034000
16,60000,0.000000002,0.000000002,0.000000001,0.000000001,0.000000001,0.000032000
17,60000,0.000000002,0.000000002,0.000000001,0.000000001,0.000000001,0.000033000
18,60000,0.000000002,0.000000002,0.000000001,0.000000001,0.000000001,0.000032000
19,60000,0.000000002,0.000000002,0.000000001,0.000000001,0.000000001,0.000033000
20,60000,0.000000002,0.000000002,0.000000002,0.000000001,0.000000001,0.000033000
21,60000,0.000000002,0.000000002,0.000000001,0.000000001,0.000000001,0.000043000
22,60000,0.000000002,0.000000002,0.000000001,0.000000001,0.000000001,0.000034000
23,60000,0.000000002,0.000000002,0.000000001,0.000000001,0.000000001,0.000032000
24,60000,0.000000002,0.000000002,0.000000001,0.000000001,0.000000001,0.000036000
25,60000,0.000000002,0.000000002,0.000000001,0.000000001,0.000000001,0.000035000
26,60000,0.000000002,0.000000002,0.000000001,0.000000001,0.000000001,0.000033000
27,60000,0.000000002,0.000000002,0.000000001,0.000000001,0.000000001,0.000036000
28,60000,0.000000002,0.000000002,0.000000001,0.000000001,0.000000001,0.000037000
29,60000,0.000000002,0.000000002,0.000000001,0.000000001,0.000000001,0.000036000
30,60000,0.000000002,0.000000002,0.000000002,0.000000001,0.000000001,0.000033000
31,60000,0.000000002,0.000000002,0.000000001,0.000000001,0.000000001,0.000032000
32,60000,0.000000002,0.000000002,0.000000002,0.000000001,0.000000001,0.000036000
33,60000,0.000000002,0.000000002,0.000000002,0.000000001,0.000000001,0.000043000
34,60000,0.000000002,0.000000002,0.000000002,0.000000001,0.000000001,0.000033000
35,60000,0.000000002,0.000000002,0.000000001,0.000000001,0.000000001,0.000040000
36,60000,0.000000002,0.000000002,0.000000002,0.000000001,0.000000001,0.000037000
37,60000,0.000000002,0.000000002,0.000000002,0.000000001,0.000000001,0.000037000
38,60000,0.000000002,0.000000002,0.000000002,0.000000001,0.000000001,0.000038000
39,60000,0.000000002,0.000000002,0.000000002,0.000000001,0.000000001,0.000033000
40,60000,0.000000002,0.000000002,0.000000001,0.000000001,0.000000001,0.000032000
41,60000,0.000000002,0.000000002,0.000000001,0.000000001,0.000000001,0.000033000
42,60000,0.000000002,0.000000002,0.000000002,0.000000001,0.000000001,0.000033000
43,60000,0.000000002,0.000000002,0.000000002,0.000000001,0.000000001,0.000034000
44,60000,0.000000002,0.000000002,0.000000001,0.000000001,0.000000001,0.000032000
45,60000,0.000000002,0.000000002,0.000000001,0.000000001,0.000000001,0.000033000
46,60000,0.000000002,0.000000002,0.000000001,0.000000001,0.000000001,0.000033000
47,60000,0.000000002,0.000000002,0.000000001,0.000000001,0.000000001,0.000033000
48,60000,0.000000002,0.000000002,0.000000001,0.000000001,0.000000001,0.000034000
49,60000,0.000000002,0.000000002,0.000000001,0.000000001,0.000000001,0.000032000
50,60000,0.000000002,0.000000002,0.000000001,0.000000001,0.000000001,0.000032000
51,60000,0.000000002,0.000000002,0.000000001,0.000000001,0.000000001,0.000036000
52,60000,0.000000002,0.000000002,0.000000002,0.000000001,0.000000001,0.000034000
53,60000,0.000000002,0.000000002,0.000000001,0.000000001,0.000000001,0.000036000
54,60000,0.000000002,0.000000002,0.000000001,0.000000001,0.000000001,0.000034000
55,60000,0.000000002,0.000000002,0.000000002,0.000000001,0.000000001,0.000034000
56,60000,0.000000002,0.000000002,0.000000001,0.000000001,0.000000001,0.000033000
57,60000,0.000000002,0.000000002,0.000000002,0.000000001,0.000000001,0.000036000
58,60000,0.000000002,0.000000002,0.000000001,0.000000001,0.000000001,0.000033000
59,60000,0.000000002,0.000000002,0.000000001,0.000000001,0.000000001,0.000033000
60,60000,0.000000002,0.000000002,0.000000001,0.000000001,0.000000001,0.000033000
61,60000,0.000000002,0.000000002,0.000000001,0.000000001,0.000000001,0.000037000
62,60000,0.000000002,0.000000002,0.000000001,0.000000001,0.000000001,0.000036000
63,60000,0.000000002,0.000000002,0.000000001,0.000000001,0.000000001,0.000036000
64,60000,0.000000002,0.000000002,0.000000001,0.000000001,0.000000001,0.000036000
65,60000,0.000000002,0.000000002,0.000000002,0.000000001,0.000000001,0.000040000
66,60000,0.000000002,0.000000002,0.000000001,0.000000001,0.000000001,0.000036000
67,60000,0.000000002,0.000000002,0.000000001,0.000000001,0.000000001,0.000036000
68,60000,0.000000002,0.000000002,0.000000002,0.000000001,0.000000001,0.000035000
69,60000,0.000000002,0.000000002,0.000000001,0.000000001,0.000000001,0.000034000
70,60000,0.000000002,0.000000002,0.000000002,0.000000001,0.000000001,0.000034000
71,60000,0.000000002,0.000000002,0.000000001,0.000000001,0.000000001,0.000044000
72,60000,0.000000002,0.000000002,0.000000002,0.000000001,0.000000001,0.000036000
73,60000,0.000000002,0.000000002,0.000000002,0.000000001,0.000000001,0.000037000
74,60000,0.000000002,0.000000002,0.000000002,0.000000001,0.000000001,0.000037000
75,60000,0.000000002,0.000000002,0.000000001,0.000000001,0.000000001,0.000033000
76,60000,0.000000003,0.000000002,0.000000001,0.000000001,0.000000001,0.000042000
77,60000,0.000000002,0.000000002,0.000000002,0.000000001,0.000000001,0.000033000
78,60000,0.000000002,0.000000002,0.000000001,0.000000001,0.000000001,0.000040000
79,60000,0.000000002,0.000000002,0.000000001,0.000000001,0.000000001,0.000033000
80,60000,0.000000002,0.000000002,0.000000001,0.000000001,0.000000001,0.000036000
81,60000,0.000000002,0.000000002,0.000000001,0.000000001,0.000000001,0.000036000
82,60000,0.000000002,0.000000002,0.000000001,0.000000001,0.000000001,0.000036000
83,60000,0.000000002,0.000000002,0.000000001,0.000000001,0.000000001,0.000036000
84,60000,0.000000002,0.000000002,0.000000002,0.000000001,0.000000001,0.000036000
85,60000,0.000000002,0.000000002,0.000000001,0.000000001,0.000000001,0.000036000
86,60000,0.000000003,0.000000002,0.000000001,0.000000001,0.000000001,0.000034000
87,60000,0.000000002,0.000000002,0.000000002,0.000000001,0.000000001,0.000036000
88,60000,0.000000002,0.000000002,0.000000001,0.000000001,0.000000001,0.000032000
89,60000,0.000000002,0.000000002,0.000000001,0.000000001,0.000000001,0.000034000
90,60000,0.000000002,0.000000002,0.000000001,0.000000001,0.000000001,0.000033000
91,60000,0.000000002,0.000000002,0.000000001,0.000000001,0.000000001,0.000032000
92,60000,0.000000002,0.000000002,0.000000001,0.000000001,0.000000001,0.000036000
93,60000,0.000000002,0.000000002,0.000000001,0.000000001,0.000000001,0.000036000
94,60000,0.000000002,0.000000002,0.000000002,0.000000001,0.000000001,0.000038000
95,60000,0.000000002,0.000000002,0.000000001,0.000000001,0.000000001,0.000036000
96,60000,0.000000002,0.000000002,0.000000001,0.000000001,0.000000001,0.000036000
97,60000,0.000000002,0.000000002,0.000000001,0.000000001,0.000000001,0.000036000
98,60000,0.000000002,0.000000002,0.000000001,0.000000001,0.000000001,0.000037000
99,60000,0.000000002,0.000000002,0.000000001,0.000000001,0.000000001,0.000034000
100,60000,0.000000002,0.000000002,0.000000002,0.000000001,0.000000001,0.000036000
1,70000,0.000000002,0.000000002,0.000000001,0.000000001,0.000000001,0.000042000
2,70000,0.000000002,0.000000002,0.000000001,0.000000001,0.000000001,0.000039000
3,70000,0.000000002,0.000000002,0.000000002,0.000000001,0.000000001,0.000045000
4,70000,0.000000002,0.000000002,0.000000002,0.000000001,0.000000001,0.000045000
5,70000,0.000000003,0.000000002,0.000000001,0.000000001,0.000000001,0.000052000
6,70000,0.000000003,0.000000002,0.000000001,0.000000001,0.000000001,0.000038000
7,70000,0.000000002,0.000000002,0.000000002,0.000000001,0.000000001,0.000043000
8,70000,0.000000002,0.000000002,0.000000002,0.000000001,0.000000001,0.000043000
9,70000,0.000000002,0.000000002,0.000000002,0.000000001,0.000000001,0.000045000
10,70000,0.000000002,0.000000002,0.000000001,0.000000001,0.000000001,0.000038000
11,70000,0.000000002,0.000000002,0.000000001,0.000000001,0.000000001,0.000038000
12,70000,0.000000003,0.000000002,0.000000001,0.000000001,0.000000001,0.000037000
13,70000,0.000000002,0.000000002,0.000000001,0.000000001,0.000000001,0.000050000
14,70000,0.000000002,0.000000002,0.000000001,0.000000001,0.000000001,0.000037000
15,70000,0.000000002,0.000000002,0.000000001,0.000000001,0.000000001,0.000039000
16,70000,0.000000002,0.000000002,0.000000001,0.000000001,0.000000001,0.000038000
17,70000,0.000000002,0.000000002,0.000000001,0.000000001,0.000000001,0.000041000
18,70000,0.000000002,0.000000002,0.000000001,0.000000001,0.000000001,0.000039000
19,70000,0.000000002,0.000000002,0.000000001,0.000000001,0.000000001,0.000037000
20,70000,0.000000002,0.000000002,0.000000001,0.000000001,0.000000001,0.000038000
21,70000,0.000000002,0.000000002,0.000000001,0.000000001,0.000000001,0.000038000
22,70000,0.000000002,0.000000002,0.000000001,0.000000001,0.000000001,0.000042000
23,70000,0.000000002,0.000000002,0.000000001,0.000000001,0.000000001,0.000038000
24,70000,0.000000002,0.000000002,0.000000001,0.000000001,0.000000001,0.000042000
25,70000,0.000000002,0.000000002,0.000000001,0.000000001,0.000000001,0.000038000
26,70000,0.000000002,0.000000002,0.000000002,0.000000001,0.000000001,0.000041000
27,70000,0.000000002,0.000000002,0.000000001,0.000000001,0.000000001,0.000043000
28,70000,0.000000002,0.000000002,0.000000002,0.000000001,0.000000001,0.000042000
29,70000,0.000000002,0.000000002,0.000000001,0.000000001,0.000000001,0.000038000
30,70000,0.000000003,0.000000002,0.000000001,0.000000001,0.000000001,0.000038000
31,70000,0.000000002,0.000000002,0.000000001,0.000000001,0.000000001,0.000037000
32,70000,0.000000002,0.000000002,0.000000001,0.000000001,0.000000001,0.000039000
33,70000,0.000000002,0.000000002,0.000000001,0.000000001,0.000000001,0.000040000
34,70000,0.000000003,0.000000002,0.000000001,0.000000001,0.000000001,0.000046000
35,70000,0.000000002,0.000000002,0.000000001,0.000000001,0.000000001,0.000042000
36,70000,0.000000002,0.000000002,0.000000001,0.000000001,0.000000001,0.000042000
37,70000,0.000000002,0.000000002,0.000000002,0.000000001,0.000000001,0.000047000
38,70000,0.000000002,0.000000002,0.000000001,0.000000001,0.000000001,0.000038000
39,70000,0.000000002,0.000000002,0.000000001,0.000000001,0.000000001,0.000051000
40,70000,0.000000002,0.000000002,0.000000001,0.000000001,0.000000001,0.000037000
41,70000,0.000000002,0.000000002,0.000000002,0.000000001,0.000000001,0.000038000
42,70000,0.000000003,0.000000002,0.000000001,0.000000001,0.000000001,0.000038000
43,70000,0.000000002,0.000000002,0.000000002,0.000000001,0.000000001,0.000038000
44,70000,0.000000002,0.000000002,0.000000001,0.000000001,0.000000001,0.000038000
45,70000,0.000000002,0.000000002,0.000000002,0.000000001,0.000000001,0.000041000
46,70000,0.000000002,0.000000002,0.000000001,0.000000001,0.000000001,0.000038000
47,70000,0.000000002,0.000000002,0.000000001,0.000000001,0.000000001,0.000038000
48,70000,0.000000002,0.000000002,0.000000001,0.000000001,0.000000001,0.000038000
49,70000,0.000000002,0.000000002,0.000000001,0.000000001,0.000000001,0.000038000
50,70000,0.000000002,0.000000002,0.000000001,0.000000001,0.000000001,0.000038000
51,70000,0.000000002,0.000000002,0.000000001,0.000000001,0.000000001,0.000038000
52,70000,0.000000002,0.000000002,0.000000001,0.000000001,0.000000001,0.000043000
53,70000,0.000000002,0.000000002,0.000000001,0.000000001,0.000000001,0.000040000
54,70000,0.000000002,0.000000002,0.000000001,0.000000001,0.000000001,0.000040000
55,70000,0.000000002,0.000000002,0.000000001,0.000000001,0.000000001,0.000042000
56,70000,0.000000002,0.000000002,0.000000001,0.000000001,0.000000001,0.000038000
57,70000,0.000000002,0.000000002,0.000000001,0.000000001,0.000000001,0.000042000
58,70000,0.000000002,0.000000002,0.000000001,0.000000001,0.000000001,0.000041000
59,70000,0.000000002,0.000000002,0.000000001,0.000000001,0.000000001,0.000039000
60,70000,0.000000002,0.000000002,0.000000001,0.000000001,0.000000001,0.000039000
61,70000,0.000000002,0.000000002,0.000000001,0.000000001,0.000000001,0.000038000
62,70000,0.000000002,0.000000002,0.000000001,0.000000001,0.000000001,0.000047000
63,70000,0.000000002,0.000000002,0.000000001,0.000000001,0.000000001,0.000042000
64,70000,0.000000002,0.000000002,0.000000001,0.000000001,0.000000001,0.000047000
65,70000,0.000000002,0.000000002,0.000000002,0.000000001,0.000000001,0.000041000
66,70000,0.000000002,0.000000002,0.000000001,0.000000001,0.000000001,0.000042000
67,70000,0.000000002,0.000000002,0.000000001,0.000000001,0.000000001,0.000042000
68,70000,0.000000002,0.000000002,0.000000002,0.000000001,0.000000001,0.000042000
69,70000,0.000000002,0.000000002,0.000000002,0.000000001,0.000000001,0.000043000
70,70000,0.000000002,0.000000002,0.000000001,0.000000001,0.000000001,0.000040000
71,70000,0.000000002,0.000000002,0.000000002,0.000000001,0.000000001,0.000049000
72,70000,0.000000002,0.000000002,0.000000001,0.000000001,0.000000001,0.000040000
73,70000,0.000000002,0.000000002,0.000000002,0.000000001,0.000000001,0.000039000
74,70000,0.000000002,0.000000002,0.000000001,0.000000001,0.000000001,0.000039000
75,70000,0.000000002,0.000000002,0.000000002,0.000000001,0.000000001,0.000043000
76,70000,0.000000002,0.000000002,0.000000002,0.000000001,0.000000001,0.000046000
77,70000,0.000000002,0.000000002,0.000000002,0.000000001,0.000000001,0.000043000
78,70000,0.000000002,0.000000002,0.000000001,0.000000001,0.000000001,0.000042000
79,70000,0.000000003,0.000000002,0.000000001,0.000000001,0.000000001,0.000038000
80,70000,0.000000003,0.000000002,0.000000001,0.000000001,0.000000001,0.000042000
81,70000,0.000000002,0.000000002,0.000000001,0.000000001,0.000000001,0.000038000
82,70000,0.000000002,0.000000002,0.000000001,0.000000001,0.000000001,0.000040000
83,70000,0.000000002,0.000000002,0.000000001,0.000000001,0.000000001,0.000039000
84,70000,0.000000002,0.000000002,0.000000001,0.000000001,0.000000001,0.000037000
85,70000,0.000000002,0.000000002,0.000000001,0.000000001,0.000000001,0.000038000
86,70000,0.000000002,0.000000002,0.000000001,0.000000001,0.000000001,0.000038000
87,70000,0.000000002,0.000000002,0.000000001,0.000000001,0.000000001,0.000038000
88,70000,0.000000002,0.000000002,0.000000001,0.000000001,0.000000001,0.000037000
89,70000,0.000000002,0.000000002,0.000000001,0.000000001,0.000000001,0.000038000
90,70000,0.000000002,0.000000002,0.000000002,0.000000001,0.000000001,0.000041000
91,70000,0.000000002,0.000000002,0.000000001,0.000000001,0.000000001,0.000038000
92,70000,0.000000002,0.000000002,0.000000001,0.000000001,0.000000001,0.000038000
93,70000,0.000000002,0.000000002,0.000000002,0.000000001,0.000000001,0.000039000
94,70000,0.000000002,0.000000002,0.000000001,0.000000001,0.000000001,0.000038000
95,70000,0.000000002,0.000000002,0.000000001,0.000000001,0.000000001,0.000038000
96,70000,0.000000002,0.000000002,0.000000001,0.000000001,0.000000001,0.000038000
97,70000,0.000000002,0.000000002,0.000000001,0.000000001,0.000000001,0.000038000
98,70000,0.000000002,0.000000002,0.000000002,0.000000001,0.000000001,0.000042000
99,70000,0.000000002,0.000000002,0.000000001,0.000000001,0.000000001,0.000038000
100,70000,0.000000007,0.000000002,0.000000002,0.000000001,0.000000001,0.000053000
1,80000,0.000000002,0.000000002,0.000000002,0.000000001,0.000000001,0.000049000
2,80000,0.000000002,0.000000002,0.000000001,0.000000001,0.000000001,0.000045000
3,80000,0.000000002,0.000000002,0.000000002,0.000000001,0.000000001,0.000048000
4,80000,0.000000002,0.000000002,0.000000002,0.000000001,0.000000001,0.000055000
5,80000,0.000000002,0.000000002,0.000000001,0.000000001,0.000000001,0.000044000
6,80000,0.000000002,0.000000002,0.000000001,0.000000001,0.000000001,0.000043000
7,80000,0.000000002,0.000000002,0.000000002,0.000000001,0.000000001,0.000055000
8,80000,0.000000002,0.000000002,0.000000001,0.000000001,0.000000001,0.000042000
9,80000,0.000000002,0.000000002,0.000000001,0.000000001,0.000000001,0.000055000
10,80000,0.000000002,0.000000002,0.000000001,0.000000001,0.000000001,0.000047000
11,80000,0.000000002,0.000000002,0.000000002,0.000000001,0.000000001,0.000050000
12,80000,0.000000002,0.000000002,0.000000002,0.000000001,0.000000001,0.000044000
13,80000,0.000000002,0.000000002,0.000000002,0.000000001,0.000000001,0.000043000
14,80000,0.000000002,0.000000002,0.000000001,0.000000001,0.000000001,0.000047000
15,80000,0.000000002,0.000000002,0.000000001,0.000000001,0.000000001,0.000044000
16,80000,0.000000002,0.000000002,0.000000001,0.000000001,0.000000001,0.000048000
17,80000,0.000000002,0.000000002,0.000000001,0.000000001,0.000000001,0.000042000
18,80000,0.000000002,0.000000002,0.000000001,0.000000001,0.000000001,0.000043000
19,80000,0.000000002,0.000000002,0.000000002,0.000000001,0.000000001,0.000047000
20,80000,0.000000002,0.000000002,0.000000001,0.000000001,0.000000001,0.000044000
21,80000,0.000000002,0.000000002,0.000000001,0.000000001,0.000000001,0.000043000
22,80000,0.000000002,0.000000002,0.000000001,0.000000001,0.000000001,0.000043000
23,80000,0.000000002,0.000000002,0.000000001,0.000000001,0.000000001,0.000043000
24,80000,0.000000002,0.000000002,0.000000001,0.000000001,0.000000001,0.000052000
25,80000,0.000000002,0.000000002,0.000000001,0.000000001,0.000000001,0.000045000
26,80000,0.000000002,0.000000002,0.000000001,0.000000001,0.000000001,0.000048000
27,80000,0.000000002,0.000000002,0.000000002,0.000000001,0.000000001,0.000044000
28,80000,0.000000003,0.000000002,0.000000001,0.000000001,0.000000001,0.000044000
29,80000,0.000000002,0.000000002,0.000000001,0.000000001,0.000000001,0.000055000
30,80000,0.000000002,0.000000002,0.000000001,0.000000001,0.000000001,0.000049000
31,80000,0.000000002,0.000000002,0.000000002,0.000000001,0.000000001,0.000044000
32,80000,0.000000002,0.000000002,0.000000001,0.000000001,0.000000001,0.000043000
33,80000,0.000000002,0.000000002,0.000000001,0.000000001,0.000000001,0.000044000
34,80000,0.000000002,0.000000002,0.000000002,0.000000001,0.000000001,0.000051000
35,80000,0.000000002,0.000000002,0.000000002,0.000000001,0.000000001,0.000048000
36,80000,0.000000003,0.000000002,0.000000002,0.000000001,0.000000001,0.000051000
37,80000,0.000000002,0.000000003,0.000000001,0.000000001,0.000000001,0.000045000
38,80000,0.000000002,0.000000002,0.000000001,0.000000001,0.000000001,0.000043000
39,80000,0.000000002,0.000000002,0.000000001,0.000000001,0.000000001,0.000047000
40,80000,0.000000002,0.000000002,0.000000001,0.000000001,0.000000001,0.000043000
41,80000,0.000000002,0.000000002,0.000000001,0.000000001,0.000000001,0.000047000
42,80000,0.000000002,0.000000002,0.000000002,0.000000001,0.000000001,0.000043000
43,80000,0.000000002,0.000000002,0.000000001,0.000000001,0.000000001,0.000043000
44,80000,0.000000002,0.000000002,0.000000001,0.000000001,0.000000001,0.000044000
45,80000,0.000000002,0.000000002,0.000000001,0.000000001,0.000000001,0.000045000
46,80000,0.000000002,0.000000002,0.000000001,0.000000001,0.000000001,0.000043000
47,80000,0.000000002,0.000000002,0.000000001,0.000000001,0.000000001,0.000044000
48,80000,0.000000002,0.000000002,0.000000001,0.000000001,0.000000001,0.000045000
49,80000,0.000000002,0.000000002,0.000000001,0.000000001,0.000000001,0.000043000
50,80000,0.000000002,0.000000002,0.000000001,0.000000001,0.000000001,0.000047000
51,80000,0.000000003,0.000000002,0.000000002,0.000000001,0.000000001,0.000043000
52,80000,0.000000002,0.000000002,0.000000001,0.000000001,0.000000001,0.000049000
53,80000,0.000000002,0.000000003,0.000000002,0.000000001,0.000000002,0.000047000
54,80000,0.000000002,0.000000002,0.000000002,0.000000001,0.000000001,0.000050000
55,80000,0.000000002,0.000000002,0.000000002,0.000000001,0.000000001,0.000049000
56,80000,0.000000002,0.000000002,0.000000001,0.000000001,0.000000001,0.000047000
57,80000,0.000000002,0.000000002,0.000000001,0.000000001,0.000000001,0.000058000
58,80000,0.000000002,0.000000002,0.000000001,0.000000001,0.000000001,0.000044000
59,80000,0.000000002,0.000000002,0.000000001,0.000000001,0.000000001,0.000043000
60,80000,0.000000002,0.000000002,0.000000001,0.000000001,0.000000001,0.000043000
61,80000,0.000000002,0.000000002,0.000000001,0.000000001,0.000000001,0.000044000
62,80000,0.000000002,0.000000002,0.000000001,0.000000001,0.000000001,0.000044000
63,80000,0.000000002,0.000000003,0.000000001,0.000000001,0.000000001,0.000043000
64,80000,0.000000002,0.000000002,0.000000001,0.000000001,0.000000001,0.000047000
65,80000,0.000000002,0.000000002,0.000000001,0.000000001,0.000000001,0.000043000
66,80000,0.000000002,0.000000002,0.000000001,0.000000001,0.000000001,0.000044000
67,80000,0.000000002,0.000000002,0.000000001,0.000000001,0.000000001,0.000043000
68,80000,0.000000002,0.000000002,0.000000001,0.000000001,0.000000001,0.000043000
69,80000,0.000000002,0.000000002,0.000000001,0.000000001,0.000000001,0.000043000
70,80000,0.000000002,0.000000002,0.000000001,0.000000001,0.000000001,0.000043000
71,80000,0.000000002,0.000000002,0.000000001,0.000000001,0.000000001,0.000048000
72,80000,0.000000002,0.000000002,0.000000001,0.000000001,0.000000001,0.000043000
73,80000,0.000000002,0.000000002,0.000000001,0.000000001,0.000000001,0.000043000
74,80000,0.000000002,0.000000002,0.000000001,0.000000001,0.000000001,0.000048000
75,80000,0.000000002,0.000000002,0.000000001,0.000000001,0.000000001,0.000044000
76,80000,0.000000002,0.000000002,0.000000001,0.000000001,0.000000001,0.000051000
77,80000,0.000000002,0.000000002,0.000000002,0.000000001,0.000000001,0.000045000
78,80000,0.000000002,0.000000002,0.000000001,0.000000001,0.000000001,0.000043000
79,80000,0.000000002,0.000000002,0.000000002,0.000000001,0.000000001,0.000057000
80,80000,0.000000002,0.000000003,0.000000002,0.000000001,0.000000002,0.000045000
81,80000,0.000000002,0.000000002,0.000000002,0.000000001,0.000000001,0.000049000
82,80000,0.000000002,0.000000002,0.000000002,0.000000001,0.000000001,0.000048000
83,80000,0.000000002,0.000000002,0.000000002,0.000000001,0.000000001,0.000053000
84,80000,0.000000002,0.000000002,0.000000001,0.000000001,0.000000001,0.000044000
85,80000,0.000000002,0.000000002,0.000000002,0.000000001,0.000000001,0.000045000
86,80000,0.000000002,0.000000002,0.000000001,0.000000001,0.000000001,0.000044000
87,80000,0.000000002,0.000000002,0.000000001,0.000000001,0.000000001,0.000043000
88,80000,0.000000002,0.000000002,0.000000001,0.000000001,0.000000001,0.000047000
89,80000,0.000000002,0.000000002,0.000000002,0.000000001,0.000000001,0.000044000
90,80000,0.000000002,0.000000002,0.000000001,0.000000001,0.000000001,0.000043000
91,80000,0.000000002,0.000000002,0.000000001,0.000000001,0.000000001,0.000043000
92,80000,0.000000002,0.000000002,0.000000001,0.000000001,0.000000001,0.000043000
93,80000,0.000000003,0.000000002,0.000000001,0.000000001,0.000000001,0.000046000
94,80000,0.000000002,0.000000002,0.000000002,0.000000001,0.000000001,0.000046000
95,80000,0.000000002,0.000000002,0.000000001,0.000000001,0.000000001,0.000043000
96,80000,0.000000002,0.000000002,0.000000001,0.000000001,0.000000001,0.000043000
97,80000,0.000000002,0.000000002,0.000000001,0.000000001,0.000000001,0.000048000
98,80000,0.000000002,0.000000002,0.000000001,0.000000001,0.000000001,0.000047000
99,80000,0.000000002,0.000000002,0.000000001,0.000000001,0.000000001,0.000044000
100,80000,0.000000002,0.000000002,0.000000001,0.000000001,0.000000001,0.000043000
1,90000,0.000000002,0.000000002,0.000000001,0.000000001,0.000000001,0.000049000
2,90000,0.000000002,0.000000003,0.000000001,0.000000001,0.000000001,0.000049000
3,90000,0.000000002,0.000000002,0.000000001,0.000000001,0.000000001,0.000048000
4,90000,0.000000002,0.000000002,0.000000002,0.000000001,0.000000001,0.000056000
5,90000,0.000000002,0.000000002,0.000000001,0.000000001,0.000000001,0.000059000
6,90000,0.000000002,0.000000002,0.000000002,0.000000001,0.000000001,0.000054000
7,90000,0.000000002,0.000000002,0.000000001,0.000000001,0.000000001,0.000049000
8,90000,0.000000002,0.000000002,0.000000002,0.000000001,0.000000001,0.000052000
9,90000,0.000000002,0.000000002,0.000000001,0.000000001,0.000000001,0.000054000
10,90000,0.000000002,0.000000002,0.000000002,0.000000001,0.000000001,0.000060000
11,90000,0.000000002,0.000000002,0.000000001,0.000000001,0.000000001,0.000070000
12,90000,0.000000002,0.000000002,0.000000002,0.000000001,0.000000001,0.000049000
13,90000,0.000000002,0.000000003,0.000000002,0.000000001,0.000000001,0.000049000
14,90000,0.000000003,0.000000002,0.000000001,0.000000001,0.000000001,0.000049000
15,90000,0.000000002,0.000000002,0.000000001,0.000000001,0.000000001,0.000048000
16,90000,0.000000002,0.000000002,0.000000001,0.000000001,0.000000001,0.000049000
17,90000,0.000000002,0.000000002,0.000000001,0.000000001,0.000000001,0.000049000
18,90000,0.000000002,0.000000002,0.000000001,0.000000001,0.000000001,0.000053000
19,90000,0.000000002,0.000000002,0.000000001,0.000000001,0.000000001,0.000062000
20,90000,0.000000002,0.000000002,0.000000002,0.000000001,0.000000001,0.000054000
21,90000,0.000000002,0.000000002,0.000000002,0.000000001,0.000000001,0.000051000
22,90000,0.000000002,0.000000002,0.000000001,0.000000001,0.000000001,0.000051000
23,90000,0.000000002,0.000000002,0.000000002,0.000000001,0.000000001,0.000048000
24,90000,0.000000002,0.000000002,0.000000002,0.000000001,0.000000001,0.000054000
25,90000,0.000000002,0.000000002,0.000000002,0.000000001,0.000000001,0.000055000
26,90000,0.000000002,0.000000002,0.000000001,0.000000001,0.000000001,0.000055000
27,90000,0.000000002,0.000000002,0.000000002,0.000000001,0.000000001,0.000056000
28,90000,0.000000002,0.000000002,0.000000002,0.000000001,0.000000001,0.000055000
29,90000,0.000000002,0.000000002,0.000000002,0.000000001,0.000000001,0.000156000
30,90000,0.000000002,0.000000002,0.000000002,0.000000001,0.000000001,0.000137000
31,90000,0.000000003,0.000000002,0.000000002,0.000000001,0.000000001,0.000055000
32,90000,0.000000002,0.000000002,0.000000002,0.000000001,0.000000001,0.000055000
33,90000,0.000000002,0.000000002,0.000000002,0.000000001,0.000000001,0.000055000
34,90000,0.000000002,0.000000002,0.000000001,0.000000001,0.000000001,0.000054000
35,90000,0.000000002,0.000000002,0.000000002,0.000000001,0.000000001,0.000077000
36,90000,0.000000002,0.000000002,0.000000001,0.000000001,0.000000001,0.000055000
37,90000,0.000000002,0.000000002,0.000000002,0.000000001,0.000000001,0.000055000
38,90000,0.000000002,0.000000002,0.000000002,0.000000001,0.000000001,0.000055000
39,90000,0.000000002,0.000000002,0.000000002,0.000000001,0.000000001,0.000054000
40,90000,0.000000002,0.000000002,0.000000002,0.000000001,0.000000001,0.000055000
41,90000,0.000000002,0.000000002,0.000000002,0.000000001,0.000000001,0.000065000
42,90000,0.000000002,0.000000002,0.000000002,0.000000001,0.000000001,0.000055000
43,90000,0.000000002,0.000000002,0.000000002,0.000000001,0.000000001,0.000055000
44,90000,0.000000002,0.000000002,0.000000002,0.000000001,0.000000001,0.000056000
45,90000,0.000000002,0.000000002,0.000000002,0.000000001,0.000000001,0.000056000
46,90000,0.000000002,0.000000002,0.000000002,0.000000001,0.000000001,0.000055000
47,90000,0.000000002,0.000000002,0.000000002,0.000000001,0.000000001,0.000054000
48,90000,0.000000002,0.000000002,0.000000001,0.000000001,0.000000001,0.000053000
49,90000,0.000000002,0.000000002,0.000000002,0.000000001,0.000000001,0.000055000
50,90000,0.000000002,0.000000002,0.000000002,0.000000001,0.000000001,0.000055000
51,90000,0.000000002,0.000000002,0.000000002,0.000000001,0.000000002,0.000055000
52,90000,0.000000002,0.000000002,0.000000002,0.000000001,0.000000001,0.000057000
53,90000,0.000000002,0.000000002,0.000000002,0.000000001,0.000000001,0.000055000
54,90000,0.000000002,0.000000002,0.000000002,0.000000001,0.000000001,0.000055000
55,90000,0.000000002,0.000000002,0.000000003,0.000000001,0.000000001,0.000055000
56,90000,0.000000002,0.000000002,0.000000001,0.000000001,0.000000001,0.000048000
57,90000,0.000000003,0.000000002,0.000000002,0.000000001,0.000000001,0.000060000
58,90000,0.000000002,0.000000002,0.000000001,0.000000001,0.000000001,0.000049000
59,90000,0.000000002,0.000000002,0.000000001,0.000000001,0.000000001,0.000052000
60,90000,0.000000002,0.000000002,0.000000002,0.000000001,0.000000001,0.000054000
61,90000,0.000000002,0.000000002,0.000000001,0.000000001,0.000000001,0.000054000
62,90000,0.000000002,0.000000002,0.000000001,0.000000001,0.000000001,0.000061000
63,90000,0.000000002,0.000000002,0.000000001,0.000000001,0.000000001,0.000054000
64,90000,0.000000002,0.000000002,0.000000001,0.000000001,0.000000001,0.000054000
65,90000,0.000000002,0.000000002,0.000000001,0.000000001,0.000000001,0.000054000
66,90000,0.000000002,0.000000002,0.000000001,0.000000001,0.000000001,0.000053000
67,90000,0.000000002,0.000000002,0.000000001,0.000000001,0.000000001,0.000049000
68,90000,0.000000002,0.000000002,0.000000001,0.000000001,0.000000001,0.000053000
69,90000,0.000000002,0.000000002,0.000000001,0.000000001,0.000000001,0.000048000
70,90000,0.000000002,0.000000002,0.000000001,0.000000001,0.000000001,0.000052000
71,90000,0.000000002,0.000000002,0.000000002,0.000000001,0.000000001,0.000051000
72,90000,0.000000002,0.000000002,0.000000001,0.000000001,0.000000001,0.000052000
73,90000,0.000000002,0.000000002,0.000000002,0.000000001,0.000000001,0.000063000
74,90000,0.000000002,0.000000002,0.000000002,0.000000001,0.000000001,0.000065000
75,90000,0.000000002,0.000000002,0.000000002,0.000000001,0.000000001,0.000055000
76,90000,0.000000003,0.000000002,0.000000002,0.000000001,0.000000001,0.000057000
77,90000,0.000000002,0.000000002,0.000000002,0.000000001,0.000000001,0.000055000
78,90000,0.000000002,0.000000002,0.000000001,0.000000001,0.000000001,0.000048000
79,90000,0.000000002,0.000000002,0.000000001,0.000000001,0.000000001,0.000048000
80,90000,0.000000002,0.000000002,0.000000002,0.000000001,0.000000001,0.000065000
81,90000,0.000000002,0.000000002,0.000000001,0.000000001,0.000000001,0.000049000
82,90000,0.000000002,0.000000002,0.000000001,0.000000001,0.000000001,0.000053000
83,90000,0.000000002,0.000000002,0.000000001,0.000000001,0.000000001,0.000049000
84,90000,0.000000002,0.000000002,0.000000001,0.000000001,0.000000001,0.000053000
85,90000,0.000000002,0.000000002,0.000000002,0.000000001,0.000000001,0.000059000
86,90000,0.000000002,0.000000002,0.000000002,0.000000001,0.000000001,0.000054000
87,90000,0.000000002,0.000000002,0.000000002,0.000000001,0.000000001,0.000056000
88,90000,0.000000002,0.000000002,0.000000002,0.000000001,0.000000001,0.000055000
89,90000,0.000000002,0.000000002,0.000000001,0.000000001,0.000000001,0.000049000
90,90000,0.000000002,0.000000002,0.000000001,0.000000001,0.000000001,0.000048000
91,90000,0.000000002,0.000000002,0.000000002,0.000000001,0.000000001,0.000053000
92,90000,0.000000002,0.000000002,0.000000001,0.000000001,0.000000001,0.000053000
93,90000,0.000000002,0.000000002,0.000000002,0.000000001,0.000000001,0.000049000
94,90000,0.000000002,0.000000002,0.000000001,0.000000001,0.000000001,0.000053000
95,90000,0.000000002,0.000000002,0.000000001,0.000000001,0.000000001,0.000050000
96,90000,0.000000002,0.000000002,0.000000001,0.000000001,0.000000001,0.000054000
97,90000,0.000000002,0.000000002,0.000000001,0.000000001,0.000000001,0.000054000
98,90000,0.000000002,0.000000002,0.000000002,0.000000001,0.000000001,0.000053000
99,90000,0.000000002,0.000000002,0.000000001,0.000000001,0.000000001,0.000052000
100,90000,0.000000002,0.000000002,0.000000001,0.000000001,0.000000001,0.000062000
1,100000,0.000000002,0.000000002,0.000000001,0.000000001,0.000000001,0.000054000
2,100000,0.000000002,0.000000002,0.000000002,0.000000001,0.000000001,0.000054000
3,100000,0.000000002,0.000000002,0.000000001,0.000000001,0.000000001,0.000053000
4,100000,0.000000002,0.000000002,0.000000001,0.000000001,0.000000001,0.000053000
5,100000,0.000000002,0.000000002,0.000000001,0.000000001,0.000000001,0.000055000
6,100000,0.000000002,0.000000002,0.000000001,0.000000001,0.000000001,0.000057000
7,100000,0.000000002,0.000000002,0.000000002,0.000000001,0.000000001,0.000062000
8,100000,0.000000008,0.000000002,0.000000002,0.000000001,0.000000001,0.000058000
9,100000,0.000000002,0.000000002,0.000000001,0.000000001,0.000000001,0.000060000
10,100000,0.000000002,0.000000002,0.000000001,0.000000001,0.000000001,0.000055000
11,100000,0.000000003,0.000000002,0.000000002,0.000000001,0.000000001,0.000055000
12,100000,0.000000002,0.000000002,0.000000002,0.000000001,0.000000001,0.000067000
13,100000,0.000000002,0.000000002,0.000000002,0.000000001,0.000000001,0.000072000
14,100000,0.000000002,0.000000002,0.000000002,0.000000001,0.000000001,0.000054000
15,100000,0.000000002,0.000000002,0.000000001,0.000000001,0.000000001,0.000059000
16,100000,0.000000002,0.000000002,0.000000002,0.000000001,0.000000001,0.000059000
17,100000,0.000000002,0.000000002,0.000000002,0.000000001,0.000000001,0.000057000
18,100000,0.000000002,0.000000002,0.000000002,0.000000001,0.000000001,0.000063000
19,100000,0.000000002,0.000000002,0.000000002,0.000000001,0.000000001,0.000064000
20,100000,0.000000002,0.000000002,0.000000002,0.000000001,0.000000001,0.000059000
21,100000,0.000000002,0.000000002,0.000000001,0.000000001,0.000000001,0.000054000
22,100000,0.000000002,0.000000002,0.000000002,0.000000001,0.000000001,0.000071000
23,100000,0.000000002,0.000000002,0.000000001,0.000000001,0.000000001,0.000054000
24,100000,0.000000002,0.000000002,0.000000001,0.000000001,0.000000001,0.000054000
25,100000,0.000000002,0.000000002,0.000000001,0.000000001,0.000000001,0.000060000
26,100000,0.000000002,0.000000002,0.000000001,0.000000001,0.000000001,0.000060000
27,100000,0.000000002,0.000000002,0.000000001,0.000000001,0.000000001,0.000070000
28,100000,0.000000002,0.000000002,0.000000001,0.000000001,0.000000001,0.000057000
29,100000,0.000000002,0.000000002,0.000000001,0.000000001,0.000000001,0.000060000
30,100000,0.000000002,0.000000002,0.000000001,0.000000001,0.000000001,0.000064000
31,100000,0.000000002,0.000000002,0.000000002,0.000000001,0.000000001,0.000054000
32,100000,0.000000002,0.000000002,0.000000001,0.000000001,0.000000001,0.000059000
33,100000,0.000000002,0.000000002,0.000000002,0.000000001,0.000000001,0.000055000
34,100000,0.000000002,0.000000002,0.000000001,0.000000001,0.000000001,0.000053000
35,100000,0.000000002,0.000000002,0.000000001,0.000000001,0.000000001,0.000054000
36,100000,0.000000002,0.000000002,0.000000001,0.000000001,0.000000001,0.000053000
37,100000,0.000000002,0.000000002,0.000000001,0.000000001,0.000000001,0.000057000
38,100000,0.000000002,0.000000002,0.000000002,0.000000001,0.000000001,0.000058000
39,100000,0.000000002,0.000000002,0.000000001,0.000000001,0.000000001,0.000063000
40,100000,0.000000002,0.000000002,0.000000002,0.000000001,0.000000001,0.000106000
41,100000,0.000000002,0.000000002,0.000000002,0.000000001,0.000000001,0.000087000
42,100000,0.000000002,0.000000002,0.000000002,0.000000001,0.000000001,0.000062000
43,100000,0.000000002,0.000000002,0.000000002,0.000000001,0.000000001,0.000054000
44,100000,0.000000002,0.000000002,0.000000001,0.000000001,0.000000001,0.000054000
45,100000,0.000000002,0.000000002,0.000000001,0.000000001,0.000000001,0.000054000
46,100000,0.000000002,0.000000002,0.000000001,0.000000001,0.000000001,0.000058000
47,100000,0.000000002,0.000000002,0.000000001,0.000000001,0.000000001,0.000054000
48,100000,0.000000003,0.000000002,0.000000001,0.000000001,0.000000001,0.000060000
49,100000,0.000000002,0.000000002,0.000000001,0.000000001,0.000000001,0.000059000
50,100000,0.000000002,0.000000002,0.000000001,0.000000001,0.000000001,0.000054000
51,100000,0.000000003,0.000000002,0.000000001,0.000000001,0.000000001,0.000055000
52,100000,0.000000002,0.000000002,0.000000001,0.000000001,0.000000001,0.000053000
53,100000,0.000000002,0.000000002,0.000000001,0.000000001,0.000000001,0.000059000
54,100000,0.000000003,0.000000002,0.000000002,0.000000001,0.000000001,0.000071000
55,100000,0.000000002,0.000000002,0.000000001,0.000000001,0.000000001,0.000056000
56,100000,0.000000002,0.000000002,0.000000001,0.000000001,0.000000001,0.000060000
57,100000,0.000000002,0.000000002,0.000000001,0.000000001,0.000000001,0.000057000
58,100000,0.000000002,0.000000002,0.000000001,0.000000001,0.000000001,0.000062000
59,100000,0.000000002,0.000000002,0.000000001,0.000000001,0.000000001,0.000059000
60,100000,0.000000002,0.000000002,0.000000001,0.000000001,0.000000001,0.000056000
61,100000,0.000000003,0.000000002,0.000000001,0.000000001,0.000000001,0.000062000
62,100000,0.000000002,0.000000002,0.000000001,0.000000001,0.000000001,0.000057000
63,100000,0.000000003,0.000000002,0.000000001,0.000000001,0.000000001,0.000059000
64,100000,0.000000002,0.000000002,0.000000001,0.000000001,0.000000001,0.000059000
65,100000,0.000000002,0.000000002,0.000000001,0.000000001,0.000000001,0.000056000
66,100000,0.000000002,0.000000002,0.000000002,0.000000001,0.000000001,0.000059000
67,100000,0.000000002,0.000000002,0.000000002,0.000000001,0.000000001,0.000062000
68,100000,0.000000003,0.000000002,0.000000002,0.000000001,0.000000001,0.000061000
69,100000,0.000000002,0.000000002,0.000000002,0.000000001,0.000000001,0.000060000
70,100000,0.000000002,0.000000002,0.000000002,0.000000001,0.000000001,0.000060000
71,100000,0.000000002,0.000000002,0.000000001,0.000000001,0.000000001,0.000059000
72,100000,0.000000002,0.000000002,0.000000001,0.000000001,0.000000001,0.000062000
73,100000,0.000000002,0.000000002,0.000000002,0.000000001,0.000000001,0.000058000
74,100000,0.000000002,0.000000002,0.000000001,0.000000001,0.000000001,0.000053000
75,100000,0.000000002,0.000000002,0.000000001,0.000000001,0.000000001,0.000053000
76,100000,0.000000002,0.000000002,0.000000001,0.000000001,0.000000001,0.000054000
77,100000,0.000000002,0.000000002,0.000000001,0.000000001,0.000000001,0.000054000
78,100000,0.000000002,0.000000002,0.000000001,0.000000001,0.000000001,0.000053000
79,100000,0.000000002,0.000000002,0.000000001,0.000000001,0.000000001,0.000060000
80,100000,0.000000002,0.000000002,0.000000001,0.000000001,0.000000001,0.000054000
81,100000,0.000000002,0.000000002,0.000000001,0.000000001,0.000000001,0.000065000
82,100000,0.000000002,0.000000002,0.000000002,0.000000001,0.000000001,0.000063000
83,100000,0.000000002,0.000000002,0.000000002,0.000000001,0.000000001,0.000064000
84,100000,0.000000002,0.000000002,0.000000002,0.000000001,0.000000001,0.000061000
85,100000,0.000000002,0.000000002,0.000000001,0.000000001,0.000000001,0.000054000
86,100000,0.000000002,0.000000002,0.000000002,0.000000001,0.000000001,0.000055000
87,100000,0.000000002,0.000000002,0.000000001,0.000000001,0.000000001,0.000059000
88,100000,0.000000002,0.000000002,0.000000001,0.000000001,0.000000001,0.000053000
89,100000,0.000000002,0.000000002,0.000000001,0.000000001,0.000000001,0.000060000
90,100000,0.000000002,0.000000002,0.000000001,0.000000001,0.000000001,0.000062000
91,100000,0.000000002,0.000000002,0.000000001,0.000000001,0.000000001,0.000059000
92,100000,0.000000002,0.000000002,0.000000001,0.000000001,0.000000001,0.000058000
93,100000,0.000000002,0.000000002,0.000000001,0.000000001,0.000000001,0.000061000
94,100000,0.000000002,0.000000002,0.000000002,0.000000001,0.000000001,0.000064000
95,100000,0.000000002,0.000000002,0.000000001,0.000000001,0.000000001,0.000059000
96,100000,0.000000002,0.000000002,0.000000001,0.000000001,0.000000001,0.000059000
97,100000,0.000000002,0.000000002,0.000000001,0.000000001,0.000000001,0.000055000
98,100000,0.000000002,0.000000002,0.000000001,0.000000001,0.000000001,0.000059000
99,100000,0.000000002,0.000000002,0.000000001,0.000000001,0.000000001,0.000054000
100,100000,0.000000002,0.000000002,0.000000001,0.000000001,0.000000001,0.000060000
1,110000,0.000000002,0.000000002,0.000000001,0.000000001,0.000000001,0.000065000
2,110000,0.000000002,0.000000002,0.000000002,0.000000001,0.000000001,0.000065000
3,110000,0.000000002,0.000000002,0.000000002,0.000000001,0.000000001,0.000069000
4,110000,0.000000002,0.000000002,0.000000001,0.000000001,0.000000001,0.000059000
5,110000,0.000000002,0.000000002,0.000000001,0.000000001,0.000000001,0.000058000
6,110000,0.000000002,0.000000002,0.000000001,0.000000001,0.000000001,0.000065000
7,110000,0.000000002,0.000000002,0.000000001,0.000000001,0.000000001,0.000075000
8,110000,0.000000002,0.000000002,0.000000002,0.000000001,0.000000001,0.000062000
9,110000,0.000000002,0.000000002,0.000000001,0.000000001,0.000000001,0.000058000
10,110000,0.000000002,0.000000002,0.000000001,0.000000001,0.000000001,0.000059000
11,110000,0.000000002,0.000000002,0.000000001,0.000000001,0.000000001,0.000062000
12,110000,0.000000002,0.000000002,0.000000001,0.000000001,0.000000001,0.000060000
13,110000,0.000000002,0.000000002,0.000000001,0.000000001,0.000000001,0.000064000
14,110000,0.000000002,0.000000002,0.000000002,0.000000001,0.000000001,0.000077000
15,110000,0.000000002,0.000000002,0.000000001,0.000000001,0.000000001,0.000059000
16,110000,0.000000002,0.000000002,0.000000001,0.000000001,0.000000001,0.000060000
17,110000,0.000000002,0.000000002,0.000000001,0.000000001,0.000000001,0.000061000
18,110000,0.000000002,0.000000002,0.000000001,0.000000001,0.000000001,0.000065000
19,110000,0.000000002,0.000000002,0.000000001,0.000000001,0.000000001,0.000065000
20,110000,0.000000002,0.000000002,0.000000001,0.000000001,0.000000001,0.000061000
21,110000,0.000000002,0.000000002,0.000000001,0.000000001,0.000000001,0.000077000
22,110000,0.000000002,0.000000002,0.000000001,0.000000001,0.000000001,0.000065000
23,110000,0.000000002,0.000000002,0.000000002,0.000000001,0.000000001,0.000072000
24,110000,0.000000002,0.000000002,0.000000001,0.000000001,0.000000001,0.000066000
25,110000,0.000000002,0.000000002,0.000000002,0.000000001,0.000000001,0.000066000
26,110000,0.000000002,0.000000002,0.000000002,0.000000001,0.000000001,0.000069000
27,110000,0.000000002,0.000000002,0.000000001,0.000000001,0.000000001,0.000059000
28,110000,0.000000002,0.000000002,0.000000001,0.000000001,0.000000001,0.000065000
29,110000,0.000000002,0.000000002,0.000000001,0.000000001,0.000000001,0.000065000
30,110000,0.000000002,0.000000002,0.000000001,0.000000001,0.000000001,0.000063000
31,110000,0.000000002,0.000000002,0.000000001,0.000000001,0.000000001,0.000066000
32,110000,0.000000002,0.000000002,0.000000001,0.000000001,0.000000001,0.000066000
33,110000,0.000000002,0.000000002,0.000000001,0.000000001,0.000000001,0.000066000
34,110000,0.000000002,0.000000002,0.000000001,0.000000001,0.000000001,0.000066000
35,110000,0.000000002,0.000000002,0.000000001,0.000000001,0.000000001,0.000066000
36,110000,0.000000002,0.000000002,0.000000001,0.000000001,0.000000001,0.000065000
37,110000,0.000000002,0.000000002,0.000000001,0.000000001,0.000000001,0.000065000
38,110000,0.000000002,0.000000002,0.000000001,0.000000001,0.000000001,0.000065000
39,110000,0.000000002,0.000000002,0.000000001,0.000000001,0.000000001,0.000065000
40,110000,0.000000002,0.000000002,0.000000002,0.000000001,0.000000001,0.000068000
41,110000,0.000000002,0.000000002,0.000000001,0.000000001,0.000000001,0.000062000
42,110000,0.000000002,0.000000002,0.000000001,0.000000001,0.000000001,0.000065000
43,110000,0.000000002,0.000000002,0.000000001,0.000000001,0.000000001,0.000065000
44,110000,0.000000002,0.000000002,0.000000001,0.000000001,0.000000001,0.000062000
45,110000,0.000000002,0.000000002,0.000000001,0.000000001,0.000000001,0.000065000
46,110000,0.000000002,0.000000002,0.000000002,0.000000001,0.000000001,0.000066000
47,110000,0.000000002,0.000000002,0.000000001,0.000000001,0.000000001,0.000065000
48,110000,0.000000002,0.000000002,0.000000001,0.000000001,0.000000001,0.000065000
49,110000,0.000000002,0.000000002,0.000000001,0.000000001,0.000000001,0.000065000
50,110000,0.000000002,0.000000002,0.000000001,0.000000001,0.000000001,0.000065000
51,110000,0.000000002,0.000000002,0.000000001,0.000000001,0.000000001,0.000065000
52,110000,0.000000002,0.000000002,0.000000001,0.000000001,0.000000001,0.000065000
53,110000,0.000000002,0.000000002,0.000000001,0.000000001,0.000000001,0.000065000
54,110000,0.000000002,0.000000002,0.000000001,0.000000001,0.000000001,0.000065000
55,110000,0.000000002,0.000000002,0.000000001,0.000000001,0.000000001,0.000066000
56,110000,0.000000002,0.000000002,0.000000001,0.000000001,0.000000001,0.000065000
57,110000,0.000000002,0.000000002,0.000000001,0.000000001,0.000000001,0.000065000
58,110000,0.000000002,0.000000002,0.000000001,0.000000001,0.000000001,0.000065000
59,110000,0.000000002,0.000000002,0.000000001,0.000000001,0.000000001,0.000065000
60,110000,0.000000002,0.000000002,0.000000001,0.000000001,0.000000001,0.000066000
61,110000,0.000000002,0.000000002,0.000000001,0.000000001,0.000000001,0.000069000
62,110000,0.000000002,0.000000002,0.000000002,0.000000001,0.000000001,0.000070000
63,110000,0.000000002,0.000000002,0.000000002,0.000000001,0.000000001,0.000067000
64,110000,0.000000002,0.000000002,0.000000001,0.000000001,0.000000001,0.000064000
65,110000,0.000000002,0.000000002,0.000000002,0.000000001,0.000000001,0.000059000
66,110000,0.000000002,0.000000002,0.000000001,0.000000001,0.000000001,0.000063000
67,110000,0.000000002,0.000000002,0.000000001,0.000000001,0.000000001,0.000064000
68,110000,0.000000002,0.000000002,0.000000001,0.000000001,0.000000001,0.000065000
69,110000,0.000000002,0.000000002,0.000000002,0.000000001,0.000000001,0.000064000
70,110000,0.000000002,0.000000002,0.000000001,0.000000001,0.000000001,0.000065000
71,110000,0.000000002,0.000000002,0.000000002,0.000000001,0.000000001,0.000072000
72,110000,0.000000002,0.000000002,0.000000001,0.000000001,0.000000001,0.000062000
73,110000,0.000000002,0.000000002,0.000000001,0.000000001,0.000000001,0.000059000
74,110000,0.000000002,0.000000002,0.000000001,0.000000001,0.000000001,0.000059000
75,110000,0.000000002,0.000000002,0.000000001,0.000000001,0.000000001,0.000059000
76,110000,0.000000002,0.000000002,0.000000001,0.000000001,0.000000001,0.000065000
77,110000,0.000000002,0.000000002,0.000000001,0.000000001,0.000000001,0.000065000
78,110000,0.000000002,0.000000002,0.000000001,0.000000001,0.000000001,0.000061000
79,110000,0.000000002,0.000000002,0.000000001,0.000000001,0.000000001,0.000059000
80,110000,0.000000002,0.000000002,0.000000001,0.000000001,0.000000001,0.000061000
81,110000,0.000000002,0.000000002,0.000000001,0.000000001,0.000000001,0.000061000
82,110000,0.000000002,0.000000002,0.000000001,0.000000001,0.000000001,0.000064000
83,110000,0.000000002,0.000000002,0.000000001,0.000000001,0.000000001,0.000065000
84,110000,0.000000002,0.000000002,0.000000001,0.000000001,0.000000001,0.000070000
85,110000,0.000000002,0.000000002,0.000000001,0.000000001,0.000000001,0.000058000
86,110000,0.000000002,0.000000002,0.000000001,0.000000001,0.000000001,0.000073000
87,110000,0.000000002,0.000000002,0.000000002,0.000000001,0.000000001,0.000058000
88,110000,0.000000002,0.000000002,0.000000001,0.000000001,0.000000001,0.000059000
89,110000,0.000000002,0.000000002,0.000000001,0.000000001,0.000000001,0.000061000
90,110000,0.000000002,0.000000002,0.000000001,0.000000001,0.000000001,0.000072000
91,110000,0.000000002,0.000000002,0.000000001,0.000000001,0.000000001,0.000065000
92,110000,0.000000002,0.000000002,0.000000002,0.000000001,0.000000001,0.000073000
93,110000,0.000000002,0.000000002,0.000000001,0.000000001,0.000000001,0.000059000
94,110000,0.000000002,0.000000002,0.000000001,0.000000001,0.000000001,0.000060000
95,110000,0.000000002,0.000000002,0.000000001,0.000000001,0.000000001,0.000058000
96,110000,0.000000002,0.000000002,0.000000001,0.000000001,0.000000001,0.000065000
97,110000,0.000000002,0.000000002,0.000000001,0.000000001,0.000000001,0.000063000
98,110000,0.000000002,0.000000002,0.000000002,0.000000001,0.000000001,0.000059000
99,110000,0.000000002,0.000000002,0.000000002,0.000000001,0.000000001,0.000065000
100,110000,0.000000002,0.000000002,0.000000002,0.000000001,0.000000001,0.000064000
1,120000,0.000000002,0.000000002,0.000000002,0.000000001,0.000000001,0.000075000
2,120000,0.000000002,0.000000002,0.000000002,0.000000001,0.000000001,0.000072000
3,120000,0.000000002,0.000000002,0.000000001,0.000000001,0.000000001,0.000079000
4,120000,0.000000002,0.000000002,0.000000002,0.000000001,0.000000001,0.000073000
5,120000,0.000000003,0.000000002,0.000000001,0.000000001,0.000000001,0.000064000
6,120000,0.000000002,0.000000002,0.000000001,0.000000001,0.000000001,0.000066000
7,120000,0.000000002,0.000000002,0.000000001,0.000000001,0.000000001,0.000064000
8,120000,0.000000002,0.000000002,0.000000001,0.000000001,0.000000001,0.000070000
9,120000,0.000000002,0.000000002,0.000000001,0.000000001,0.000000001,0.000071000
10,120000,0.000000002,0.000000002,0.000000001,0.000000001,0.000000001,0.000071000
11,120000,0.000000002,0.000000002,0.000000001,0.000000001,0.000000001,0.000072000
12,120000,0.000000002,0.000000002,0.000000001,0.000000001,0.000000001,0.000071000
13,120000,0.000000005,0.000000002,0.000000001,0.000000001,0.000000001,0.000065000
14,120000,0.000000002,0.000000002,0.000000001,0.000000001,0.000000001,0.000071000
15,120000,0.000000002,0.000000002,0.000000001,0.000000001,0.000000001,0.000075000
16,120000,0.000000002,0.000000002,0.000000001,0.000000001,0.000000001,0.000071000
17,120000,0.000000002,0.000000002,0.000000002,0.000000001,0.000000001,0.000071000
18,120000,0.000000002,0.000000002,0.000000002,0.000000001,0.000000001,0.000071000
19,120000,0.000000002,0.000000002,0.000000001,0.000000001,0.000000001,0.000084000
20,120000,0.000000002,0.000000002,0.000000001,0.000000001,0.000000001,0.000067000
21,120000,0.000000005,0.000000002,0.000000001,0.000000001,0.000000001,0.000065000
22,120000,0.000000002,0.000000002,0.000000001,0.000000001,0.000000001,0.000071000
23,120000,0.000000002,0.000000002,0.000000001,0.000000001,0.000000001,0.000072000
24,120000,0.000000002,0.000000002,0.000000002,0.000000001,0.000000001,0.000079000
25,120000,0.000000002,0.000000002,0.000000002,0.000000001,0.000000001,0.000068000
26,120000,0.000000003,0.000000002,0.000000001,0.000000001,0.000000001,0.000065000
27,120000,0.000000003,0.000000002,0.000000001,0.000000001,0.000000001,0.000069000
28,120000,0.000000002,0.000000002,0.000000001,0.000000001,0.000000001,0.000073000
29,120000,0.000000005,0.000000002,0.000000001,0.000000001,0.000000001,0.000064000
30,120000,0.000000002,0.000000002,0.000000001,0.000000001,0.000000001,0.000064000
31,120000,0.000000002,0.000000002,0.000000001,0.000000001,0.000000001,0.000071000
32,120000,0.000000002,0.000000002,0.000000001,0.000000001,0.000000001,0.000072000
33,120000,0.000000002,0.000000002,0.000000002,0.000000001,0.000000001,0.000067000
34,120000,0.000000003,0.000000002,0.000000001,0.000000001,0.000000001,0.000064000
35,120000,0.000000003,0.000000002,0.000000001,0.000000001,0.000000001,0.000076000
36,120000,0.000000002,0.000000002,0.000000002,0.000000001,0.000000001,0.000066000
37,120000,0.000000002,0.000000002,0.000000001,0.000000001,0.000000001,0.000071000
38,120000,0.000000002,0.000000002,0.000000001,0.000000001,0.000000001,0.000085000
39,120000,0.000000002,0.000000002,0.000000001,0.000000001,0.000000001,0.000064000
40,120000,0.000000002,0.000000002,0.000000001,0.000000001,0.000000001,0.000070000
41,120000,0.000000002,0.000000002,0.000000002,0.000000001,0.000000001,0.000069000
42,120000,0.000000002,0.000000002,0.000000001,0.000000001,0.000000001,0.000067000
43,120000,0.000000002,0.000000002,0.000000001,0.000000001,0.000000001,0.000064000
44,120000,0.000000005,0.000000002,0.000000001,0.000000001,0.000000001,0.000065000
45,120000,0.000000002,0.000000002,0.000000001,0.000000001,0.000000001,0.000064000
46,120000,0.000000002,0.000000002,0.000000001,0.000000001,0.000000001,0.000069000
47,120000,0.000000002,0.000000002,0.000000001,0.000000001,0.000000001,0.000065000
48,120000,0.000000002,0.000000002,0.000000002,0.000000001,0.000000001,0.000071000
49,120000,0.000000002,0.000000002,0.000000001,0.000000001,0.000000001,0.000071000
50,120000,0.000000002,0.000000002,0.000000002,0.000000001,0.000000001,0.000071000
51,120000,0.000000002,0.000000002,0.000000002,0.000000001,0.000000001,0.000064000
52,120000,0.000000002,0.000000003,0.000000001,0.000000001,0.000000001,0.000069000
53,120000,0.000000002,0.000000002,0.000000001,0.000000001,0.000000001,0.000065000
54,120000,0.000000002,0.000000002,0.000000002,0.000000001,0.000000001,0.000069000
55,120000,0.000000002,0.000000002,0.000000001,0.000000001,0.000000001,0.000064000
56,120000,0.000000004,0.000000002,0.000000001,0.000000001,0.000000001,0.000064000
57,120000,0.000000002,0.000000002,0.000000001,0.000000001,0.000000001,0.000065000
58,120000,0.000000005,0.000000002,0.000000001,0.000000001,0.000000001,0.000066000
59,120000,0.000000002,0.000000002,0.000000001,0.000000001,0.000000001,0.000070000
60,120000,0.000000002,0.000000002,0.000000001,0.000000001,0.000000001,0.000071000
61,120000,0.000000002,0.000000002,0.000000001,0.000000001,0.000000001,0.000064000
62,120000,0.000000002,0.000000002,0.000000001,0.000000001,0.000000001,0.000064000
63,120000,0.000000002,0.000000002,0.000000001,0.000000001,0.000000001,0.000064000
64,120000,0.000000002,0.000000002,0.000000001,0.000000001,0.000000001,0.000064000
65,120000,0.000000002,0.000000002,0.000000001,0.000000001,0.000000001,0.000064000
66,120000,0.000000002,0.000000002,0.000000001,0.000000001,0.000000001,0.000068000
67,120000,0.000000002,0.000000002,0.000000001,0.000000001,0.000000001,0.000071000
68,120000,0.000000002,0.000000002,0.000000001,0.000000001,0.000000001,0.000073000
69,120000,0.000000002,0.000000002,0.000000001,0.000000001,0.000000001,0.000071000
70,120000,0.000000002,0.000000002,0.000000002,0.000000001,0.000000001,0.000071000
71,120000,0.000000002,0.000000002,0.000000002,0.000000001,0.000000001,0.000074000
72,120000,0.000000002,0.000000002,0.000000001,0.000000001,0.000000001,0.000084000
73,120000,0.000000002,0.000000002,0.000000002,0.000000001,0.000000001,0.000067000
74,120000,0.000000002,0.000000002,0.000000001,0.000000001,0.000000001,0.000069000
75,120000,0.000000002,0.000000002,0.000000001,0.000000001,0.000000001,0.000072000
76,120000,0.000000002,0.000000002,0.000000001,0.000000001,0.000000001,0.000072000
77,120000,0.000000002,0.000000002,0.000000001,0.000000001,0.000000001,0.000071000
78,120000,0.000000002,0.000000002,0.000000001,0.000000001,0.000000001,0.000071000
79,120000,0.000000002,0.000000002,0.000000001,0.000000001,0.000000001,0.000071000
80,120000,0.000000002,0.000000002,0.000000002,0.000000001,0.000000001,0.000075000
81,120000,0.000000002,0.000000002,0.000000001,0.000000001,0.000000001,0.000071000
82,120000,0.000000002,0.000000002,0.000000001,0.000000001,0.000000001,0.000071000
83,120000,0.000000002,0.000000002,0.000000001,0.000000001,0.000000001,0.000071000
84,120000,0.000000002,0.000000002,0.000000001,0.000000001,0.000000001,0.000071000
85,120000,0.000000002,0.000000002,0.000000001,0.000000001,0.000000001,0.000071000
86,120000,0.000000002,0.000000002,0.000000001,0.000000001,0.000000001,0.000072000
87,120000,0.000000002,0.000000002,0.000000001,0.000000001,0.000000001,0.000071000
88,120000,0.000000002,0.000000002,0.000000002,0.000000001,0.000000001,0.000087000
89,120000,0.000000002,0.000000002,0.000000002,0.000000001,0.000000001,0.000073000
90,120000,0.000000002,0.000000002,0.000000002,0.000000001,0.000000001,0.000077000
91,120000,0.000000002,0.000000002,0.000000001,0.000000001,0.000000001,0.000071000
92,120000,0.000000002,0.000000002,0.000000001,0.000000001,0.000000001,0.000072000
93,120000,0.000000002,0.000000002,0.000000001,0.000000001,0.000000001,0.000073000
94,120000,0.000000002,0.000000002,0.000000001,0.000000001,0.000000001,0.000071000
95,120000,0.000000002,0.000000002,0.000000002,0.000000001,0.000000001,0.000073000
96,120000,0.000000002,0.000000002,0.000000002,0.000000001,0.000000001,0.000071000
97,120000,0.000000002,0.000000002,0.000000001,0.000000001,0.000000001,0.000071000
98,120000,0.000000002,0.000000002,0.000000002,0.000000001,0.000000001,0.000075000
99,120000,0.000000002,0.000000002,0.000000001,0.000000001,0.000000001,0.000071000
100,120000,0.000000002,0.000000002,0.000000001,0.000000001,0.000000001,0.000071000
1,140000,0.000000002,0.000000002,0.000000002,0.000000001,0.000000001,0.000083000
2,140000,0.000000002,0.000000002,0.000000001,0.000000001,0.000000001,0.000084000
3,140000,0.000000002,0.000000002,0.000000001,0.000000001,0.000000001,0.000084000
4,140000,0.000000002,0.000000002,0.000000002,0.000000001,0.000000001,0.000084000
5,140000,0.000000002,0.000000002,0.000000002,0.000000001,0.000000001,0.000089000
6,140000,0.000000002,0.000000002,0.000000002,0.000000001,0.000000001,0.000089000
7,140000,0.000000002,0.000000002,0.000000001,0.000000001,0.000000001,0.000089000
8,140000,0.000000002,0.000000002,0.000000001,0.000000001,0.000000001,0.000083000
9,140000,0.000000002,0.000000002,0.000000001,0.000000001,0.000000001,0.000083000
10,140000,0.000000002,0.000000002,0.000000001,0.000000001,0.000000001,0.000083000
11,140000,0.000000002,0.000000002,0.000000001,0.000000001,0.000000001,0.000084000
12,140000,0.000000002,0.000000002,0.000000001,0.000000001,0.000000001,0.000083000
13,140000,0.000000002,0.000000002,0.000000001,0.000000001,0.000000001,0.000083000
14,140000,0.000000002,0.000000002,0.000000001,0.000000001,0.000000001,0.000077000
15,140000,0.000000002,0.000000002,0.000000002,0.000000001,0.000000001,0.000083000
16,140000,0.000000002,0.000000002,0.000000001,0.000000001,0.000000001,0.000083000
17,140000,0.000000002,0.000000002,0.000000001,0.000000001,0.000000001,0.000084000
18,140000,0.000000002,0.000000002,0.000000001,0.000000001,0.000000001,0.000084000
19,140000,0.000000002,0.000000002,0.000000001,0.000000001,0.000000001,0.000083000
20,140000,0.000000002,0.000000002,0.000000002,0.000000001,0.000000001,0.000085000
21,140000,0.000000002,0.000000002,0.000000002,0.000000001,0.000000001,0.000084000
22,140000,0.000000002,0.000000002,0.000000002,0.000000001,0.000000001,0.000084000
23,140000,0.000000002,0.000000002,0.000000001,0.000000001,0.000000001,0.000083000
24,140000,0.000000002,0.000000002,0.000000002,0.000000001,0.000000001,0.000085000
25,140000,0.000000002,0.000000002,0.000000002,0.000000001,0.000000001,0.000088000
26,140000,0.000000003,0.000000002,0.000000001,0.000000001,0.000000001,0.000079000
27,140000,0.000000002,0.000000002,0.000000001,0.000000001,0.000000001,0.000075000
28,140000,0.000000002,0.000000002,0.000000001,0.000000001,0.000000001,0.000081000
29,140000,0.000000002,0.000000002,0.000000001,0.000000001,0.000000001,0.000082000
30,140000,0.000000002,0.000000002,0.000000001,0.000000001,0.000000001,0.000074000
31,140000,0.000000002,0.000000002,0.000000001,0.000000001,0.000000001,0.000074000
32,140000,0.000000002,0.000000002,0.000000001,0.000000001,0.000000001,0.000075000
33,140000,0.000000002,0.000000002,0.000000001,0.000000001,0.000000001,0.000081000
34,140000,0.000000002,0.000000002,0.000000001,0.000000001,0.000000001,0.000082000
35,140000,0.000000002,0.000000002,0.000000001,0.000000001,0.000000001,0.000093000
36,140000,0.000000002,0.000000002,0.000000002,0.000000001,0.000000001,0.000087000
37,140000,0.000000002,0.000000002,0.000000001,0.000000001,0.000000001,0.000090000
38,140000,0.000000002,0.000000002,0.000000001,0.000000001,0.000000001,0.000078000
39,140000,0.000000002,0.000000002,0.000000002,0.000000001,0.000000001,0.000088000
40,140000,0.000000002,0.000000002,0.000000001,0.000000001,0.000000001,0.000079000
41,140000,0.000000002,0.000000002,0.000000001,0.000000001,0.000000001,0.000081000
42,140000,0.000000002,0.000000002,0.000000001,0.000000001,0.000000001,0.000083000
43,140000,0.000000002,0.000000002,0.000000001,0.000000001,0.000000001,0.000083000
44,140000,0.000000002,0.000000002,0.000000001,0.000000001,0.000000001,0.000087000
45,140000,0.000000002,0.000000002,0.000000001,0.000000001,0.000000001,0.000082000
46,140000,0.000000002,0.000000002,0.000000002,0.000000001,0.000000001,0.000078000
47,140000,0.000000002,0.000000002,0.000000001,0.000000001,0.000000001,0.000080000
48,140000,0.000000002,0.000000002,0.000000001,0.000000001,0.000000001,0.000083000
49,140000,0.000000004,0.000000002,0.000000001,0.000000001,0.000000001,0.000076000
50,140000,0.000000002,0.000000002,0.000000001,0.000000001,0.000000001,0.000083000
51,140000,0.000000002,0.000000002,0.000000002,0.000000001,0.000000001,0.000084000
52,140000,0.000000002,0.000000002,0.000000001,0.000000001,0.000000001,0.000079000
53,140000,0.000000002,0.000000002,0.000000001,0.000000001,0.000000001,0.000081000
54,140000,0.000000002,0.000000002,0.000000002,0.000000001,0.000000001,0.000084000
55,140000,0.000000002,0.000000002,0.000000002,0.000000001,0.000000001,0.000095000
56,140000,0.000000004,0.000000002,0.000000002,0.000000001,0.000000001,0.000085000
57,140000,0.000000002,0.000000002,0.000000002,0.000000001,0.000000001,0.000094000
58,140000,0.000000002,0.000000002,0.000000001,0.000000001,0.000000001,0.000076000
59,140000,0.000000002,0.000000002,0.000000001,0.000000001,0.000000001,0.000076000
60,140000,0.000000002,0.000000002,0.000000002,0.000000001,0.000000001,0.000088000
61,140000,0.000000002,0.000000002,0.000000001,0.000000001,0.000000001,0.000083000
62,140000,0.000000002,0.000000002,0.000000001,0.000000001,0.000000001,0.000082000
63,140000,0.000000002,0.000000002,0.000000001,0.000000001,0.000000001,0.000085000
64,140000,0.000000002,0.000000002,0.000000001,0.000000001,0.000000001,0.000082000
65,140000,0.000000002,0.000000002,0.000000002,0.000000001,0.000000001,0.000082000
66,140000,0.000000002,0.000000002,0.000000001,0.000000001,0.000000001,0.000087000
67,140000,0.000000002,0.000000002,0.000000002,0.000000001,0.000000001,0.000079000
68,140000,0.000000002,0.000000002,0.000000001,0.000000001,0.000000001,0.000082000
69,140000,0.000000002,0.000000002,0.000000001,0.000000001,0.000000001,0.000078000
70,140000,0.000000002,0.000000002,0.000000002,0.000000001,0.000000001,0.000076000
71,140000,0.000000002,0.000000002,0.000000002,0.000000001,0.000000001,0.000084000
72,140000,0.000000002,0.000000002,0.000000001,0.000000001,0.000000001,0.000082000
73,140000,0.000000002,0.000000002,0.000000002,0.000000001,0.000000001,0.000079000
74,140000,0.000000002,0.000000002,0.000000002,0.000000001,0.000000001,0.000079000
75,140000,0.000000002,0.000000002,0.000000001,0.000000001,0.000000001,0.000078000
76,140000,0.000000002,0.000000002,0.000000001,0.000000001,0.000000001,0.000076000
77,140000,0.000000002,0.000000002,0.000000001,0.000000001,0.000000001,0.000090000
78,140000,0.000000002,0.000000002,0.000000001,0.000000001,0.000000001,0.000075000
79,140000,0.000000002,0.000000002,0.000000001,0.000000001,0.000000001,0.000080000
80,140000,0.000000002,0.000000002,0.000000001,0.000000001,0.000000001,0.000083000
81,140000,0.000000002,0.000000002,0.000000001,0.000000001,0.000000001,0.000080000
82,140000,0.000000002,0.000000002,0.000000002,0.000000001,0.000000001,0.000075000
83,140000,0.000000002,0.000000002,0.000000002,0.000000001,0.000000001,0.000079000
84,140000,0.000000002,0.000000002,0.000000001,0.000000001,0.000000001,0.000083000
85,140000,0.000000003,0.000000002,0.000000001,0.000000001,0.000000001,0.000075000
86,140000,0.000000002,0.000000002,0.000000001,0.000000001,0.000000001,0.000079000
87,140000,0.000000002,0.000000002,0.000000001,0.000000001,0.000000001,0.000082000
88,140000,0.000000002,0.000000002,0.000000001,0.000000001,0.000000001,0.000085000
89,140000,0.000000002,0.000000002,0.000000001,0.000000001,0.000000001,0.000090000
90,140000,0.000000002,0.000000002,0.000000001,0.000000001,0.000000001,0.000080000
91,140000,0.000000002,0.000000002,0.000000001,0.000000001,0.000000001,0.000080000
92,140000,0.000000002,0.000000002,0.000000001,0.000000001,0.000000001,0.000082000
93,140000,0.000000002,0.000000002,0.000000001,0.000000001,0.000000001,0.000083000
94,140000,0.000000002,0.000000002,0.000000001,0.000000001,0.000000001,0.000082000
95,140000,0.000000002,0.000000002,0.000000002,0.000000001,0.000000001,0.000080000
96,140000,0.000000002,0.000000002,0.000000002,0.000000001,0.000000001,0.000084000
97,140000,0.000000002,0.000000002,0.000000002,0.000000001,0.000000001,0.000092000
98,140000,0.000000002,0.000000002,0.000000001,0.000000001,0.000000001,0.000084000
99,140000,0.000000002,0.000000002,0.000000002,0.000000001,0.000000001,0.000087000
100,140000,0.000000002,0.000000002,0.000000001,0.000000001,0.000000001,0.000075000
1,160000,0.000000002,0.000000002,0.000000001,0.000000001,0.000000001,0.000095000
2,160000,0.000000002,0.000000002,0.000000001,0.000000001,0.000000001,0.000093000
3,160000,0.000000002,0.000000002,0.000000001,0.000000001,0.000000001,0.000098000
4,160000,0.000000002,0.000000002,0.000000001,0.000000001,0.000000001,0.000085000
5,160000,0.000000002,0.000000002,0.000000001,0.000000001,0.000000001,0.000094000
6,160000,0.000000002,0.000000002,0.000000001,0.000000001,0.000000001,0.000090000
7,160000,0.000000002,0.000000002,0.000000001,0.000000001,0.000000001,0.000100000
8,160000,0.000000002,0.000000002,0.000000001,0.000000001,0.000000001,0.000087000
9,160000,0.000000002,0.000000002,0.000000001,0.000000001,0.000000001,0.000099000
10,160000,0.000000002,0.000000002,0.000000002,0.000000001,0.000000001,0.000095000
11,160000,0.000000002,0.000000002,0.000000001,0.000000001,0.000000001,0.000094000
12,160000,0.000000002,0.000000002,0.000000001,0.000000001,0.000000001,0.000093000
13,160000,0.000000002,0.000000002,0.000000002,0.000000001,0.000000001,0.000099000
14,160000,0.000000002,0.000000002,0.000000002,0.000000001,0.000000001,0.000097000
15,160000,0.000000002,0.000000002,0.000000002,0.000000001,0.000000001,0.000094000
16,160000,0.000000002,0.000000002,0.000000001,0.000000001,0.000000001,0.000095000
17,160000,0.000000002,0.000000002,0.000000001,0.000000001,0.000000001,0.000094000
18,160000,0.000000002,0.000000002,0.000000001,0.000000001,0.000000001,0.000094000
19,160000,0.000000002,0.000000002,0.000000001,0.000000001,0.000000001,0.000090000
20,160000,0.000000003,0.000000002,0.000000001,0.000000001,0.000000001,0.000094000
21,160000,0.000000002,0.000000002,0.000000001,0.000000001,0.000000001,0.000092000
22,160000,0.000000002,0.000000002,0.000000002,0.000000001,0.000000001,0.000096000
23,160000,0.000000005,0.000000002,0.000000001,0.000000001,0.000000001,0.000086000
24,160000,0.000000002,0.000000002,0.000000001,0.000000001,0.000000001,0.000094000
25,160000,0.000000002,0.000000002,0.000000002,0.000000001,0.000000001,0.000092000
26,160000,0.000000003,0.000000002,0.000000001,0.000000001,0.000000001,0.000094000
27,160000,0.000000002,0.000000002,0.000000001,0.000000001,0.000000001,0.000094000
28,160000,0.000000002,0.000000002,0.000000001,0.000000001,0.000000001,0.000096000
29,160000,0.000000002,0.000000002,0.000000001,0.000000001,0.000000001,0.000094000
30,160000,0.000000005,0.000000002,0.000000002,0.000000001,0.000000001,0.000090000
31,160000,0.000000002,0.000000002,0.000000001,0.000000001,0.000000001,0.000093000
32,160000,0.000000002,0.000000002,0.000000001,0.000000001,0.000000001,0.000094000
33,160000,0.000000002,0.000000002,0.000000001,0.000000001,0.000000001,0.000091000
34,160000,0.000000002,0.000000002,0.000000001,0.000000001,0.000000001,0.000095000
35,160000,0.000000002,0.000000002,0.000000002,0.000000001,0.000000001,0.000096000
36,160000,0.000000002,0.000000002,0.000000002,0.000000001,0.000000001,0.000095000
37,160000,0.000000002,0.000000002,0.000000002,0.000000001,0.000000001,0.000102000
38,160000,0.000000002,0.000000002,0.000000001,0.000000001,0.000000001,0.000104000
39,160000,0.000000002,0.000000002,0.000000001,0.000000001,0.000000001,0.000086000
40,160000,0.000000002,0.000000002,0.000000001,0.000000001,0.000000001,0.000098000
41,160000,0.000000002,0.000000002,0.000000001,0.000000001,0.000000001,0.000094000
42,160000,0.000000002,0.000000002,0.000000001,0.000000001,0.000000001,0.000099000
43,160000,0.000000002,0.000000002,0.000000001,0.000000001,0.000000001,0.000094000
44,160000,0.000000002,0.000000002,0.000000001,0.000000001,0.000000001,0.000095000
45,160000,0.000000002,0.000000002,0.000000001,0.000000001,0.000000001,0.000094000
46,160000,0.000000002,0.000000002,0.000000001,0.000000001,0.000000001,0.000094000
47,160000,0.000000002,0.000000002,0.000000002,0.000000001,0.000000001,0.000095000
48,160000,0.000000002,0.000000002,0.000000002,0.000000001,0.000000001,0.000093000
49,160000,0.000000002,0.000000002,0.000000002,0.000000001,0.000000001,0.000094000
50,160000,0.000000002,0.000000002,0.000000001,0.000000001,0.000000001,0.000087000
51,160000,0.000000002,0.000000002,0.000000001,0.000000001,0.000000001,0.000094000
52,160000,0.000000002,0.000000002,0.000000001,0.000000001,0.000000001,0.000091000
53,160000,0.000000002,0.000000002,0.000000001,0.000000001,0.000000001,0.000101000
54,160000,0.000000002,0.000000002,0.000000001,0.000000001,0.000000001,0.000105000
55,160000,0.000000002,0.000000002,0.000000001,0.000000001,0.000000001,0.000095000
56,160000,0.000000002,0.000000002,0.000000001,0.000000001,0.000000001,0.000104000
57,160000,0.000000002,0.000000002,0.000000001,0.000000001,0.000000001,0.000097000
58,160000,0.000000002,0.000000002,0.000000001,0.000000001,0.000000001,0.000095000
59,160000,0.000000002,0.000000002,0.000000001,0.000000001,0.000000001,0.000096000
60,160000,0.000000002,0.000000002,0.000000001,0.000000001,0.000000001,0.000094000
61,160000,0.000000002,0.000000002,0.000000002,0.000000001,0.000000001,0.000101000
62,160000,0.000000002,0.000000002,0.000000001,0.000000001,0.000000001,0.000104000
63,160000,0.000000002,0.000000002,0.000000002,0.000000001,0.000000001,0.000093000
64,160000,0.000000002,0.000000002,0.000000001,0.000000001,0.000000001,0.000095000
65,160000,0.000000002,0.000000002,0.000000001,0.000000001,0.000000001,0.000095000
66,160000,0.000000002,0.000000002,0.000000002,0.000000001,0.000000001,0.000100000
67,160000,0.000000002,0.000000002,0.000000002,0.000000001,0.000000001,0.000095000
68,160000,0.000000002,0.000000002,0.000000001,0.000000001,0.000000001,0.000094000
69,160000,0.000000002,0.000000002,0.000000001,0.000000001,0.000000001,0.000094000
70,160000,0.000000002,0.000000002,0.000000001,0.000000001,0.000000001,0.000094000
71,160000,0.000000002,0.000000002,0.000000001,0.000000001,0.000000001,0.000096000
72,160000,0.000000002,0.000000002,0.000000001,0.000000001,0.000000001,0.000088000
73,160000,0.000000002,0.000000002,0.000000001,0.000000001,0.000000001,0.000094000
74,160000,0.000000002,0.000000002,0.000000002,0.000000001,0.000000001,0.000100000
75,160000,0.000000002,0.000000002,0.000000001,0.000000001,0.000000001,0.000106000
76,160000,0.000000002,0.000000002,0.000000002,0.000000001,0.000000001,0.000098000
77,160000,0.000000003,0.000000002,0.000000001,0.000000001,0.000000001,0.000098000
78,160000,0.000000002,0.000000002,0.000000001,0.000000001,0.000000001,0.000095000
79,160000,0.000000002,0.000000002,0.000000002,0.000000001,0.000000001,0.000090000
80,160000,0.000000005,0.000000002,0.000000001,0.000000001,0.000000001,0.000091000
81,160000,0.000000002,0.000000002,0.000000001,0.000000001,0.000000001,0.000096000
82,160000,0.000000002,0.000000002,0.000000001,0.000000001,0.000000001,0.000095000
83,160000,0.000000002,0.000000002,0.000000001,0.000000001,0.000000001,0.000095000
84,160000,0.000000002,0.000000002,0.000000001,0.000000001,0.000000001,0.000094000
85,160000,0.000000002,0.000000002,0.000000001,0.000000001,0.000000001,0.000092000
86,160000,0.000000002,0.000000002,0.000000002,0.000000001,0.000000001,0.000097000
87,160000,0.000000005,0.000000002,0.000000002,0.000000001,0.000000001,0.000091000
88,160000,0.000000002,0.000000002,0.000000002,0.000000001,0.000000001,0.000098000
89,160000,0.000000002,0.000000002,0.000000001,0.000000001,0.000000001,0.000095000
90,160000,0.000000003,0.000000002,0.000000001,0.000000001,0.000000001,0.000094000
91,160000,0.000000002,0.000000002,0.000000002,0.000000001,0.000000001,0.000095000
92,160000,0.000000003,0.000000002,0.000000001,0.000000001,0.000000001,0.000094000
93,160000,0.000000002,0.000000002,0.000000001,0.000000001,0.000000001,0.000095000
94,160000,0.000000002,0.000000002,0.000000001,0.000000001,0.000000001,0.000090000
95,160000,0.000000002,0.000000002,0.000000002,0.000000001,0.000000001,0.000094000
96,160000,0.000000002,0.000000002,0.000000001,0.000000001,0.000000001,0.000091000
97,160000,0.000000002,0.000000002,0.000000001,0.000000001,0.000000001,0.000094000
98,160000,0.000000002,0.000000002,0.000000002,0.000000001,0.000000001,0.000091000
99,160000,0.000000002,0.000000002,0.000000001,0.000000001,0.000000001,0.000096000
100,160000,0.000000002,0.000000002,0.000000002,0.000000001,0.000000001,0.000095000
1,180000,0.000000002,0.000000002,0.000000002,0.000000001,0.000000001,0.000109000
2,180000,0.000000005,0.000000002,0.000000001,0.000000001,0.000000001,0.000106000
3,180000,0.000000002,0.000000002,0.000000001,0.000000001,0.000000001,0.000100000
4,180000,0.000000002,0.000000002,0.000000001,0.000000001,0.000000001,0.000099000
5,180000,0.000000002,0.000000002,0.000000001,0.000000001,0.000000001,0.000115000
6,180000,0.000000002,0.000000002,0.000000001,0.000000001,0.000000001,0.000107000
7,180000,0.000000002,0.000000002,0.000000001,0.000000001,0.000000001,0.000107000
8,180000,0.000000002,0.000000002,0.000000001,0.000000001,0.000000001,0.000104000
9,180000,0.000000002,0.000000002,0.000000001,0.000000001,0.000000001,0.000099000
10,180000,0.000000003,0.000000002,0.000000001,0.000000001,0.000000001,0.000114000
11,180000,0.000000002,0.000000002,0.000000002,0.000000001,0.000000001,0.000100000
12,180000,0.000000002,0.000000002,0.000000001,0.000000001,0.000000001,0.000122000
13,180000,0.000000002,0.000000002,0.000000001,0.000000001,0.000000001,0.000107000
14,180000,0.000000002,0.000000002,0.000000002,0.000000001,0.000000001,0.000108000
15,180000,0.000000002,0.000000002,0.000000001,0.000000001,0.000000001,0.000096000
16,180000,0.000000002,0.000000002,0.000000001,0.000000001,0.000000001,0.000106000
17,180000,0.000000002,0.000000002,0.000000001,0.000000001,0.000000001,0.000100000
18,180000,0.000000002,0.000000002,0.000000002,0.000000001,0.000000001,0.000106000
19,180000,0.000000002,0.000000002,0.000000001,0.000000001,0.000000001,0.000106000
20,180000,0.000000002,0.000000002,0.000000001,0.000000001,0.000000001,0.000108000
21,180000,0.000000002,0.000000002,0.000000001,0.000000001,0.000000001,0.000107000
22,180000,0.000000002,0.000000002,0.000000001,0.000000001,0.000000001,0.000107000
23,180000,0.000000002,0.000000002,0.000000001,0.000000001,0.000000001,0.000107000
24,180000,0.000000002,0.000000002,0.000000002,0.000000001,0.000000001,0.000117000
25,180000,0.000000002,0.000000002,0.000000001,0.000000001,0.000000001,0.000107000
26,180000,0.000000002,0.000000002,0.000000001,0.000000001,0.000000001,0.000106000
27,180000,0.000000002,0.000000002,0.000000001,0.000000001,0.000000001,0.000097000
28,180000,0.000000002,0.000000002,0.000000001,0.000000001,0.000000001,0.000104000
29,180000,0.000000002,0.000000002,0.000000001,0.000000001,0.000000001,0.000098000
30,180000,0.000000002,0.000000002,0.000000001,0.000000001,0.000000001,0.000103000
31,180000,0.000000002,0.000000002,0.000000001,0.000000001,0.000000001,0.000106000
32,180000,0.000000002,0.000000002,0.000000001,0.000000001,0.000000001,0.000107000
33,180000,0.000000002,0.000000002,0.000000001,0.000000001,0.000000001,0.000107000
34,180000,0.000000002,0.000000002,0.000000001,0.000000001,0.000000001,0.000112000
35,180000,0.000000002,0.000000002,0.000000002,0.000000001,0.000000001,0.000111000
36,180000,0.000000002,0.000000002,0.000000002,0.000000001,0.000000001,0.000107000
37,180000,0.000000002,0.000000002,0.000000002,0.000000001,0.000000001,0.000103000
38,180000,0.000000002,0.000000002,0.000000001,0.000000001,0.000000001,0.000096000
39,180000,0.000000002,0.000000002,0.000000001,0.000000001,0.000000001,0.000096000
40,180000,0.000000002,0.000000002,0.000000002,0.000000001,0.000000001,0.000105000
41,180000,0.000000002,0.000000002,0.000000001,0.000000001,0.000000001,0.000096000
42,180000,0.000000002,0.000000002,0.000000001,0.000000001,0.000000001,0.000107000
43,180000,0.000000002,0.000000002,0.000000001,0.000000001,0.000000001,0.000101000
44,180000,0.000000002,0.000000002,0.000000001,0.000000001,0.000000001,0.000104000
45,180000,0.000000002,0.000000002,0.000000001,0.000000001,0.000000001,0.000099000
46,180000,0.000000002,0.000000002,0.000000001,0.000000001,0.000000001,0.000104000
47,180000,0.000000002,0.000000002,0.000000001,0.000000001,0.000000001,0.000108000
48,180000,0.000000002,0.000000002,0.000000002,0.000000001,0.000000001,0.000108000
49,180000,0.000000002,0.000000002,0.000000001,0.000000001,0.000000001,0.000115000
50,180000,0.000000002,0.000000002,0.000000002,0.000000001,0.000000001,0.000098000
51,180000,0.000000002,0.000000002,0.000000002,0.000000001,0.000000001,0.000113000
52,180000,0.000000002,0.000000002,0.000000001,0.000000001,0.000000001,0.000105000
53,180000,0.000000002,0.000000002,0.000000001,0.000000001,0.000000001,0.000107000
54,180000,0.000000005,0.000000002,0.000000001,0.000000001,0.000000001,0.000099000
55,180000,0.000000002,0.000000002,0.000000001,0.000000001,0.000000001,0.000107000
56,180000,0.000000002,0.000000002,0.000000001,0.000000001,0.000000001,0.000115000
57,180000,0.000000002,0.000000002,0.000000001,0.000000001,0.000000001,0.000112000
58,180000,0.000000002,0.000000002,0.000000002,0.000000001,0.000000001,0.000106000
59,180000,0.000000002,0.000000002,0.000000001,0.000000001,0.000000001,0.000114000
60,180000,0.000000002,0.000000002,0.000000001,0.000000001,0.000000001,0.000098000
61,180000,0.000000002,0.000000002,0.000000002,0.000000001,0.000000001,0.000108000
62,180000,0.000000005,0.000000002,0.000000001,0.000000001,0.000000001,0.000100000
63,180000,0.000000002,0.000000002,0.000000002,0.000000001,0.000000001,0.000106000
64,180000,0.000000002,0.000000002,0.000000001,0.000000001,0.000000001,0.000106000
65,180000,0.000000002,0.000000002,0.000000001,0.000000001,0.000000001,0.000106000
66,180000,0.000000002,0.000000002,0.000000001,0.000000001,0.000000001,0.000106000
67,180000,0.000000002,0.000000002,0.000000001,0.000000001,0.000000001,0.000107000
68,180000,0.000000002,0.000000002,0.000000002,0.000000001,0.000000001,0.000102000
69,180000,0.000000002,0.000000002,0.000000001,0.000000001,0.000000001,0.000108000
70,180000,0.000000002,0.000000002,0.000000002,0.000000001,0.000000001,0.000107000
71,180000,0.000000002,0.000000002,0.000000001,0.000000001,0.000000001,0.000107000
72,180000,0.000000002,0.000000002,0.000000002,0.000000001,0.000000001,0.000113000
73,180000,0.000000002,0.000000002,0.000000001,0.000000001,0.000000001,0.000122000
74,180000,0.000000002,0.000000002,0.000000001,0.000000001,0.000000001,0.000103000
75,180000,0.000000002,0.000000002,0.000000001,0.000000001,0.000000001,0.000107000
76,180000,0.000000002,0.000000002,0.000000001,0.000000001,0.000000001,0.000100000
77,180000,0.000000002,0.000000002,0.000000001,0.000000001,0.000000001,0.000098000
78,180000,0.000000002,0.000000002,0.000000001,0.000000001,0.000000001,0.000102000
79,180000,0.000000002,0.000000002,0.000000001,0.000000001,0.000000001,0.000106000
80,180000,0.000000002,0.000000002,0.000000002,0.000000001,0.000000001,0.000109000
81,180000,0.000000002,0.000000002,0.000000001,0.000000001,0.000000001,0.000109000
82,180000,0.000000002,0.000000002,0.000000002,0.000000001,0.000000001,0.000108000
83,180000,0.000000005,0.000000002,0.000000001,0.000000001,0.000000001,0.000098000
84,180000,0.000000002,0.000000002,0.000000002,0.000000001,0.000000001,0.000106000
85,180000,0.000000002,0.000000002,0.000000001,0.000000001,0.000000001,0.000097000
86,180000,0.000000002,0.000000002,0.000000001,0.000000001,0.000000001,0.000106000
87,180000,0.000000002,0.000000002,0.000000001,0.000000001,0.000000001,0.000097000
88,180000,0.000000002,0.000000002,0.000000001,0.000000001,0.000000001,0.000107000
89,180000,0.000000002,0.000000002,0.000000001,0.000000001,0.000000001,0.000106000
90,180000,0.000000002,0.000000002,0.000000001,0.000000001,0.000000001,0.000107000
91,180000,0.000000002,0.000000002,0.000000001,0.000000001,0.000000001,0.000107000
92,180000,0.000000002,0.000000002,0.000000001,0.000000001,0.000000001,0.000098000
93,180000,0.000000002,0.000000002,0.000000001,0.000000001,0.000000001,0.000106000
94,180000,0.000000002,0.000000002,0.000000002,0.000000001,0.000000001,0.000108000
95,180000,0.000000002,0.000000002,0.000000001,0.000000001,0.000000001,0.000097000
96,180000,0.000000002,0.000000002,0.000000001,0.000000001,0.000000001,0.000098000
97,180000,0.000000002,0.000000002,0.000000002,0.000000001,0.000000001,0.000100000
98,180000,0.000000002,0.000000002,0.000000001,0.000000001,0.000000001,0.000100000
99,180000,0.000000002,0.000000002,0.000000001,0.000000001,0.000000001,0.000106000
100,180000,0.000000002,0.000000002,0.000000001,0.000000001,0.000000001,0.000110000
1,200000,0.000000002,0.000000002,0.000000001,0.000000001,0.000000001,0.000126000
2,200000,0.000000002,0.000000002,0.000000001,0.000000001,0.000000001,0.000122000
3,200000,0.000000002,0.000000002,0.000000002,0.000000001,0.000000001,0.000119000
4,200000,0.000000002,0.000000002,0.000000001,0.000000001,0.000000001,0.000118000
5,200000,0.000000002,0.000000002,0.000000002,0.000000001,0.000000001,0.000118000
6,200000,0.000000002,0.000000002,0.000000002,0.000000001,0.000000001,0.000115000
7,200000,0.000000002,0.000000002,0.000000002,0.000000001,0.000000001,0.000129000
8,200000,0.000000002,0.000000002,0.000000001,0.000000001,0.000000001,0.000110000
9,200000,0.000000002,0.000000002,0.000000001,0.000000001,0.000000001,0.000120000
10,200000,0.000000002,0.000000002,0.000000001,0.000000001,0.000000001,0.000118000
11,200000,0.000000002,0.000000002,0.000000001,0.000000001,0.000000001,0.000118000
12,200000,0.000000002,0.000000002,0.000000001,0.000000001,0.000000001,0.000115000
13,200000,0.000000002,0.000000002,0.000000001,0.000000001,0.000000001,0.000115000
14,200000,0.000000002,0.000000002,0.000000001,0.000000001,0.000000001,0.000125000
15,200000,0.000000002,0.000000002,0.000000001,0.000000001,0.000000001,0.000121000
16,200000,0.000000002,0.000000002,0.000000001,0.000000001,0.000000001,0.000118000
17,200000,0.000000002,0.000000002,0.000000002,0.000000001,0.000000001,0.000129000
18,200000,0.000000002,0.000000002,0.000000001,0.000000001,0.000000001,0.000117000
19,200000,0.000000002,0.000000002,0.000000001,0.000000001,0.000000001,0.000125000
20,200000,0.000000002,0.000000002,0.000000001,0.000000001,0.000000001,0.000107000
21,200000,0.000000002,0.000000002,0.000000001,0.000000001,0.000000001,0.000108000
22,200000,0.000000002,0.000000002,0.000000001,0.000000001,0.000000001,0.000107000
23,200000,0.000000002,0.000000002,0.000000001,0.000000001,0.000000001,0.000119000
24,200000,0.000000002,0.000000002,0.000000001,0.000000001,0.000000001,0.000115000
25,200000,0.000000002,0.000000002,0.000000002,0.000000001,0.000000001,0.000118000
26,200000,0.000000002,0.000000002,0.000000002,0.000000001,0.000000001,0.000120000
27,200000,0.000000005,0.000000002,0.000000001,0.000000001,0.000000001,0.000109000
28,200000,0.000000002,0.000000002,0.000000001,0.000000001,0.000000001,0.000118000
29,200000,0.000000002,0.000000002,0.000000001,0.000000001,0.000000001,0.000117000
30,200000,0.000000002,0.000000002,0.000000001,0.000000001,0.000000001,0.000118000
31,200000,0.000000002,0.000000002,0.000000001,0.000000001,0.000000001,0.000109000
32,200000,0.000000002,0.000000002,0.000000001,0.000000001,0.000000001,0.000117000
33,200000,0.000000002,0.000000002,0.000000001,0.000000001,0.000000001,0.000117000
34,200000,0.000000002,0.000000002,0.000000001,0.000000001,0.000000001,0.000114000
35,200000,0.000000002,0.000000002,0.000000001,0.000000001,0.000000001,0.000110000
36,200000,0.000000002,0.000000002,0.000000002,0.000000001,0.000000001,0.000114000
37,200000,0.000000002,0.000000002,0.000000001,0.000000001,0.000000001,0.000121000
38,200000,0.000000002,0.000000002,0.000000001,0.000000001,0.000000001,0.000121000
39,200000,0.000000002,0.000000002,0.000000002,0.000000001,0.000000001,0.000120000
40,200000,0.000000002,0.000000002,0.000000002,0.000000001,0.000000001,0.000119000
41,200000,0.000000002,0.000000002,0.000000001,0.000000001,0.000000001,0.000119000
42,200000,0.000000002,0.000000002,0.000000001,0.000000001,0.000000001,0.000120000
43,200000,0.000000002,0.000000002,0.000000001,0.000000001,0.000000001,0.000119000
44,200000,0.000000002,0.000000002,0.000000001,0.000000001,0.000000001,0.000121000
45,200000,0.000000002,0.000000002,0.000000001,0.000000001,0.000000001,0.000118000
46,200000,0.000000002,0.000000002,0.000000001,0.000000001,0.000000001,0.000124000
47,200000,0.000000002,0.000000002,0.000000002,0.000000001,0.000000001,0.000131000
48,200000,0.000000002,0.000000002,0.000000001,0.000000001,0.000000001,0.000118000
49,200000,0.000000002,0.000000002,0.000000001,0.000000001,0.000000001,0.000125000
50,200000,0.000000002,0.000000002,0.000000001,0.000000001,0.000000001,0.000120000
51,200000,0.000000002,0.000000002,0.000000001,0.000000001,0.000000001,0.000116000
52,200000,0.000000002,0.000000002,0.000000001,0.000000001,0.000000001,0.000114000
53,200000,0.000000002,0.000000002,0.000000001,0.000000001,0.000000001,0.000118000
54,200000,0.000000002,0.000000002,0.000000001,0.000000001,0.000000001,0.000119000
55,200000,0.000000002,0.000000002,0.000000001,0.000000001,0.000000001,0.000118000
56,200000,0.000000005,0.000000002,0.000000001,0.000000001,0.000000001,0.000118000
57,200000,0.000000002,0.000000002,0.000000002,0.000000001,0.000000001,0.000117000
58,200000,0.000000002,0.000000002,0.000000001,0.000000001,0.000000001,0.000116000
59,200000,0.000000003,0.000000002,0.000000001,0.000000001,0.000000001,0.000123000
60,200000,0.000000002,0.000000002,0.000000001,0.000000001,0.000000001,0.000118000
61,200000,0.000000002,0.000000002,0.000000002,0.000000001,0.000000001,0.000127000
62,200000,0.000000002,0.000000002,0.000000001,0.000000001,0.000000001,0.000108000
63,200000,0.000000004,0.000000002,0.000000001,0.000000001,0.000000001,0.000109000
64,200000,0.000000002,0.000000002,0.000000001,0.000000001,0.000000001,0.000116000
65,200000,0.000000002,0.000000002,0.000000001,0.000000001,0.000000001,0.000112000
66,200000,0.000000002,0.000000002,0.000000001,0.000000001,0.000000001,0.000120000
67,200000,0.000000002,0.000000002,0.000000002,0.000000001,0.000000001,0.000117000
68,200000,0.000000002,0.000000002,0.000000002,0.000000001,0.000000001,0.000122000
69,200000,0.000000002,0.000000002,0.000000002,0.000000001,0.000000001,0.000111000
70,200000,0.000000002,0.000000002,0.000000002,0.000000001,0.000000001,0.000109000
71,200000,0.000000002,0.000000002,0.000000001,0.000000001,0.000000001,0.000119000
72,200000,0.000000002,0.000000002,0.000000001,0.000000001,0.000000001,0.000118000
73,200000,0.000000002,0.000000002,0.000000002,0.000000001,0.000000001,0.000125000
74,200000,0.000000002,0.000000002,0.000000001,0.000000001,0.000000001,0.000111000
75,200000,0.000000002,0.000000002,0.000000001,0.000000001,0.000000001,0.000119000
76,200000,0.000000002,0.000000002,0.000000001,0.000000001,0.000000001,0.000119000
77,200000,0.000000002,0.000000002,0.000000001,0.000000001,0.000000001,0.000132000
78,200000,0.000000002,0.000000002,0.000000002,0.000000001,0.000000001,0.000125000
79,200000,0.000000004,0.000000002,0.000000001,0.000000001,0.000000001,0.000121000
80,200000,0.000000002,0.000000002,0.000000001,0.000000001,0.000000001,0.000114000
81,200000,0.000000002,0.000000002,0.000000001,0.000000001,0.000000001,0.000118000
82,200000,0.000000002,0.000000002,0.000000001,0.000000001,0.000000001,0.000127000
83,200000,0.000000002,0.000000002,0.000000001,0.000000001,0.000000001,0.000119000
84,200000,0.000000002,0.000000002,0.000000001,0.000000001,0.000000001,0.000113000
85,200000,0.000000002,0.000000002,0.000000001,0.000000001,0.000000001,0.000112000
86,200000,0.000000002,0.000000002,0.000000001,0.000000001,0.000000001,0.000119000
87,200000,0.000000002,0.000000002,0.000000002,0.000000001,0.000000001,0.000121000
88,200000,0.000000002,0.000000002,0.000000001,0.000000001,0.000000001,0.000122000
89,200000,0.000000002,0.000000002,0.000000002,0.000000001,0.000000001,0.000121000
90,200000,0.000000002,0.000000002,0.000000002,0.000000001,0.000000001,0.000114000
91,200000,0.000000002,0.000000002,0.000000001,0.000000001,0.000000001,0.000115000
92,200000,0.000000002,0.000000002,0.000000001,0.000000001,0.000000001,0.000119000
93,200000,0.000000002,0.000000002,0.000000002,0.000000001,0.000000001,0.000120000
94,200000,0.000000002,0.000000002,0.000000001,0.000000001,0.000000001,0.000118000
95,200000,0.000000002,0.000000002,0.000000001,0.000000001,0.000000001,0.000120000
96,200000,0.000000002,0.000000002,0.000000001,0.000000001,0.000000001,0.000118000
97,200000,0.000000002,0.000000002,0.000000001,0.000000001,0.000000001,0.000122000
98,200000,0.000000002,0.000000002,0.000000002,0.000000001,0.000000001,0.000132000
99,200000,0.000000003,0.000000002,0.000000002,0.000000001,0.000000001,0.000124000
100,200000,0.000000006,0.000000002,0.000000001,0.000000001,0.000000001,0.000112000
